Date,ABCB4.SA,ALUP11.SA,AURE3.SA,B3SA3.SA,BRSR6.SA,BBSE3.SA,BRAP4.SA,BBAS3.SA,AGRO3.SA,CXSE3.SA,CMIG3.SA,CMIG4.SA,CSMG3.SA,CPLE3.SA,CPLE6.SA,CPFE3.SA,CMIN3.SA,DIRR3.SA,EGIE3.SA,FESA4.SA,FLRY3.SA,GGBR4.SA,GOAU4.SA,GRND3.SA,RANI3.SA,ITSA4.SA,JBSS3.SA,JHSF3.SA,KEPL3.SA,KLBN11.SA,LAVV3.SA,MRFG3.SA,LEVE3.SA,BEEF3.SA,PETR3.SA,PETR4.SA,PSSA3.SA,RAPT4.SA,ROMI3.SA,SANB11.SA,CSNA3.SA,TAEE11.SA,TASA4.SA,TGMA3.SA,VIVT3.SA,TRPL4.SA,TRIS3.SA,UNIP6.SA,USIM5.SA,VALE3.SA,WIZC3.SA
2000-03-31 00:00:00-03:00,0.0,0.0,0.0,0.0,0.0,0.0,0.0,0.0,0.0,0.0,0.0,0.0,0.0,0.0,0.422,0.0,0.0,0.0,0.0,0.0,0.0,0.0,0.0,0.0,0.0,0.0,0.0,0.0,0.0,0.0,0.0,0.0,0.0,0.0,0.0,0.0,0.0,0.0,0.0,0.0,0.0,0.0,0.0,0.0,0.0,0.0,0.0,0.0,0.0,0.0,0.0
2000-04-30 00:00:00-03:00,0.0,0.0,0.0,0.0,0.0,0.0,0.0,0.0,0.0,0.0,0.0,0.0,0.0,0.0,0.0,0.0,0.0,0.0,0.0,0.0,0.0,0.0,0.0,0.0,0.0,0.0,0.0,0.0,0.0,0.0,0.0,0.0,0.0,0.0,0.0,0.0,0.0,0.0,0.0,0.0,0.0,0.0,0.0,0.0,0.0,0.0,0.0,0.0,0.0,0.0,0.0
2000-05-31 00:00:00-03:00,0.0,0.0,0.0,0.0,0.0,0.0,0.0,0.0,0.0,0.0,0.0,0.0,0.0,0.0,0.0,0.0,0.0,0.0,0.0,0.0,0.0,0.0,0.0,0.0,0.0,0.0,0.0,0.0,0.0,0.0,0.0,0.0,0.0,0.0,0.0,0.0,0.0,0.0,0.0,0.0,0.0,0.0,0.0,0.0,0.0,0.0,0.0,0.0,0.0,0.0,0.0
2000-06-30 00:00:00-03:00,0.0,0.0,0.0,0.0,0.0,0.0,0.0,0.0,0.0,0.0,0.0,0.0,0.0,0.0,0.0,0.0,0.0,0.0,0.0,0.0,0.0,3.3e-05,0.099749,0.0,0.0,0.0,0.0,0.0,0.0,0.0,0.0,0.0,0.0,0.0,0.0,0.0,0.0,0.0,0.0,0.0,0.0,0.0,0.0,0.0,0.0,0.0,0.0,0.0,0.0,0.0,0.0
2000-07-31 00:00:00-03:00,0.0,0.0,0.0,0.0,0.0,0.0,0.0,0.0,0.0,0.0,0.0,0.0,0.0,0.0,0.0,0.0,0.0,0.0,0.0,0.0,0.0,0.0,0.0,0.0,0.0,0.0,0.0,0.0,0.0,0.0,0.0,0.0,0.0,0.0,0.0,0.0,0.0,0.0,0.0,0.0,0.0,0.0,0.0,0.0,0.0,0.0,0.0,0.0,0.0,0.0,0.0
2000-08-31 00:00:00-03:00,0.0,0.0,0.0,0.0,0.0,0.0,0.0,0.0,0.0,0.0,0.0,0.0,0.0,0.0,0.0,0.0,0.0,0.0,0.0,0.0,0.0,0.0,0.0,0.0,0.0,0.0,0.0,0.0,0.0,0.0,0.0,0.0,0.0,0.0,0.0,0.0,0.0,0.0,0.0,0.0,0.0,0.0,0.0,0.0,0.0,0.0,0.0,0.0,0.0,0.0,0.0
2000-09-30 00:00:00-03:00,0.0,0.0,0.0,0.0,0.0,0.0,0.0,0.0,0.0,0.0,0.0,0.0,0.0,0.0,0.0,0.0,0.0,0.0,0.0,0.0,0.0,0.0,0.0,0.0,0.0,0.0,0.0,0.0,0.0,0.0,0.0,0.0,0.0,0.0,0.0,0.0,0.0,0.0,0.0,0.0,0.0,0.0,0.0,0.0,0.0,0.0,0.0,0.0,0.0,0.0,0.0
2000-10-31 00:00:00-02:00,0.0,0.0,0.0,0.0,0.0,0.0,0.0,0.0,0.0,0.0,0.0,0.0,0.0,0.0,0.0,0.0,0.0,0.0,0.0,0.0,0.0,0.0,0.0,0.0,0.0,0.0,0.0,0.0,0.0,0.0,0.0,0.0,0.0,0.0,0.0,0.0,0.0,0.0,0.0,0.0,0.0,0.0,0.0,0.0,0.0,0.0,0.0,0.0,0.0,0.0,0.0
2000-11-30 00:00:00-02:00,0.0,0.0,0.0,0.0,0.0,0.0,0.0,0.0,0.0,0.0,0.0,0.0,0.0,0.0,0.0,0.0,0.0,0.0,0.0,0.0,0.0,0.0,0.0,0.0,0.0,0.0,0.0,0.0,0.0,0.0,0.0,0.0,0.0,0.0,0.0,0.0,0.0,0.0,0.0,0.0,0.0,0.0,0.0,0.0,0.0,0.0,0.0,0.0,0.0,0.0,0.0
2000-12-31 00:00:00-02:00,0.0,0.0,0.0,0.0,0.0,0.0,0.0,0.0,0.0,0.0,0.0,0.0,0.0,0.0,0.268,0.0,0.0,0.0,0.0,0.0,0.0,0.0,0.0,0.0,0.0,0.0,0.0,0.0,0.0,0.0,0.0,0.0,0.0,0.0,0.0,0.0,0.0,0.0,0.0,0.0,0.0,0.0,0.0,0.0,0.0,0.0,0.0,0.0,0.0,0.0,0.0
2001-01-31 00:00:00-02:00,0.0,0.0,0.0,0.0,0.0,0.0,0.0,0.0,0.0,0.0,0.0,0.0,0.0,0.0,0.0,0.0,0.0,0.0,0.0,0.0,0.0,5.9e-05,0.182504,0.0,0.0,0.0,0.0,0.0,0.0,0.0,0.0,0.0,0.0,0.0,0.0,0.0,0.0,0.0,0.0,0.0,0.0,0.0,0.0,0.0,0.0,0.0,0.0,0.0,0.0,0.0,0.0
2001-02-28 00:00:00-03:00,0.0,0.0,0.0,0.0,0.0,0.0,0.0,0.0,0.0,0.0,0.0,0.0,0.0,0.0,0.0,0.0,0.0,0.0,0.0,0.0,0.0,0.0,0.0,0.0,0.0,0.0,0.0,0.0,0.0,0.0,0.0,0.0,0.0,0.0,0.0,0.0,0.0,0.0,0.0,0.0,0.0,0.0,0.0,0.0,0.0,0.0,0.0,0.0,0.0,0.0,0.0
2001-03-31 00:00:00-03:00,0.0,0.0,0.0,0.0,0.0,0.0,0.0,0.0,0.0,0.0,0.0,0.0,0.0,0.0,0.346,0.0,0.0,0.0,0.0,0.0,0.0,0.0,0.0,0.0,0.0,0.0,0.0,0.0,0.0,0.0,0.0,0.0,0.0,0.0,0.0,0.0,0.0,0.0,0.0,0.0,0.0,0.0,0.0,0.0,0.0,0.0,0.0,0.0,0.0,0.0,0.0
2001-04-30 00:00:00-03:00,0.0,0.0,0.0,0.0,0.0,0.0,0.0,0.0,0.0,0.0,0.0,0.0,0.0,0.0,0.0,0.0,0.0,0.0,0.0,0.0,0.0,0.0,0.0,0.0,0.0,0.0,0.0,0.0,0.0,0.0,0.0,0.0,0.0,0.0,0.0,0.0,0.0,0.0,0.0,0.0,0.0,0.0,0.0,0.0,0.0,0.0,0.0,0.0,0.0,0.0,0.0
2001-05-31 00:00:00-03:00,0.0,0.0,0.0,0.0,0.0,0.0,0.0,0.0,0.0,0.0,0.0,0.0,0.0,0.0,0.0,0.0,0.0,0.0,0.0,0.0,0.0,0.0,0.0,0.0,0.0,0.0,0.0,0.0,0.0,0.0,0.0,0.0,0.0,0.0,0.0,0.0,0.0,0.0,0.0,0.0,0.0,0.0,0.0,0.0,0.0,0.0,0.0,0.0,0.0,0.0,0.0
2001-06-30 00:00:00-03:00,0.0,0.0,0.0,0.0,0.0,0.0,0.0,0.0,0.0,0.0,0.0,0.0,0.0,0.0,0.0,0.0,0.0,0.0,0.0,0.0,0.0,0.0,0.0,0.0,0.0,0.0,0.0,0.0,0.0,0.0,0.0,0.0,0.0,0.0,0.0,0.0,0.0,0.0,0.0,0.0,0.0,0.0,0.0,0.0,0.0,0.0,0.0,0.0,0.0,0.0,0.0
2001-07-31 00:00:00-03:00,0.0,0.0,0.0,0.0,0.0,0.0,0.0,0.0,0.0,0.0,0.0,0.0,0.0,0.0,0.0,0.0,0.0,0.0,0.0,0.0,0.0,3.6e-05,0.104776,0.0,0.0,0.0,0.0,0.0,0.0,0.0,0.0,0.0,0.0,0.0,0.0,0.0,0.0,0.0,0.0,0.0,0.0,0.0,0.0,0.0,0.0,0.0,0.0,0.0,0.0,0.0,0.0
2001-08-31 00:00:00-03:00,0.0,0.0,0.0,0.0,0.0,0.0,0.0,0.0,0.0,0.0,0.0,0.0,0.0,0.0,0.0,0.0,0.0,0.0,0.0,0.0,0.0,0.0,0.0,0.0,0.0,0.0,0.0,0.0,0.0,0.0,0.0,0.0,0.0,0.0,0.0,0.0,0.0,0.0,0.0,0.0,0.0,0.0,0.0,0.0,0.0,0.0,0.0,0.0,0.0,0.0,0.0
2001-09-30 00:00:00-03:00,0.0,0.0,0.0,0.0,0.0,0.0,0.0,0.0,0.0,0.0,0.0,0.0,0.0,0.0,0.0,0.0,0.0,0.0,0.0,0.0,0.0,0.0,0.0,0.0,0.0,0.0,0.0,0.0,0.0,0.0,0.0,0.0,0.0,0.0,0.0,0.0,0.0,0.0,0.0,0.0,0.0,0.0,0.0,0.0,0.0,0.0,0.0,0.0,0.0,0.0,0.0
2001-10-31 00:00:00-02:00,0.0,0.0,0.0,0.0,0.0,0.0,0.0,0.0,0.0,0.0,0.0,0.0,0.0,0.0,0.308,0.0,0.0,0.0,0.0,0.0,0.0,0.0,0.0,0.0,0.0,0.0,0.0,0.0,0.0,0.0,0.0,0.0,0.0,0.0,0.0,0.0,0.0,0.0,0.0,0.0,0.0,0.0,0.0,0.0,0.0,0.0,0.0,0.0,0.0,0.0,0.0
2001-11-30 00:00:00-02:00,0.0,0.0,0.0,0.0,0.0,0.0,0.0,0.0,0.0,0.0,0.0,0.0,0.0,0.0,0.0,0.0,0.0,0.0,0.0,0.0,0.0,0.0,0.0,0.0,0.0,0.0,0.0,0.0,0.0,0.0,0.0,0.0,0.0,0.0,0.0,0.0,0.0,0.0,0.0,0.0,0.0,0.0,0.0,0.0,0.0,0.0,0.0,0.0,0.0,0.0,0.0
2001-12-31 00:00:00-02:00,0.0,0.0,0.0,0.0,0.0,0.0,0.0,0.0,0.0,0.0,0.0,0.0,0.0,0.0,0.0,0.0,0.0,0.0,0.0,0.0,0.0,0.0,0.0,0.0,0.0,0.0,0.0,0.0,0.0,0.0,0.0,0.0,0.0,0.0,0.0,0.0,0.0,0.0,0.0,0.0,0.0,0.0,0.0,0.0,0.0,0.0,0.0,0.0,0.0,0.0,0.0
2002-01-31 00:00:00-02:00,0.0,0.0,0.0,0.0,0.0,0.0,0.0,0.0,0.0,0.0,0.0,0.0,0.0,0.0,0.0,0.0,0.0,0.0,0.0,0.0,0.0,8.6e-05,0.275415,0.0,0.0,0.0,0.0,0.0,0.0,0.0,0.0,0.0,0.0,0.0,0.0,0.0,0.0,0.0,0.0,0.0,0.0,0.0,0.0,0.0,0.0,0.0,0.0,0.0,0.0,0.0,0.0
2002-02-28 00:00:00-03:00,0.0,0.0,0.0,0.0,0.0,0.0,0.0,0.0,0.0,0.0,0.0,0.0,0.0,0.0,0.0,0.0,0.0,0.0,0.0,0.0,0.0,0.0,0.0,0.0,0.0,0.0,0.0,0.0,0.0,0.0,0.0,0.0,0.0,0.0,0.0,0.0,0.0,0.0,0.0,0.0,0.0,0.0,0.0,0.0,0.0,0.0,0.0,0.0,0.0,0.0,0.0
2002-03-31 00:00:00-03:00,0.0,0.0,0.0,0.0,0.0,0.0,0.0,0.0,0.0,0.0,0.0,0.0,0.0,0.0,0.0,0.0,0.0,0.0,0.0,0.0,0.0,0.0,0.0,0.0,0.0,0.0,0.0,0.0,0.0,0.0,0.0,0.0,0.0,0.0,0.0,0.0,0.0,0.0,0.0,0.0,0.0,0.0,0.0,0.0,0.0,0.0,0.0,0.0,0.0,0.0,0.0
2002-04-30 00:00:00-03:00,0.0,0.0,0.0,0.0,0.0,0.0,0.0,0.0,0.0,0.0,0.0,0.0,0.0,0.0,0.0,0.0,0.0,0.0,0.0,0.0,0.0,0.0,0.0,0.0,0.0,0.0,0.0,0.0,0.0,0.0,0.0,0.0,0.0,0.0,0.0,0.0,0.0,0.0,0.0,0.0,0.0,0.0,0.0,0.0,0.0,0.0,0.0,0.0,0.0,0.0,0.0
2002-05-31 00:00:00-03:00,0.0,0.0,0.0,0.0,0.0,0.0,0.0,0.0,0.0,0.0,0.0,0.0,0.0,0.0,0.347,0.0,0.0,0.0,0.0,0.0,0.0,0.0,0.232056,0.0,0.0,0.0,0.0,0.0,0.0,0.0,0.0,0.0,0.0,0.0,0.0,0.0,0.0,0.0,0.0,0.0,0.0,0.0,0.0,0.0,0.0,0.0,0.0,0.0,0.0,0.0,0.0
2002-06-30 00:00:00-03:00,0.0,0.0,0.0,0.0,0.0,0.0,0.0,0.0,0.0,0.0,0.0,0.0,0.0,0.0,0.0,0.0,0.0,0.0,0.0,0.0,0.0,0.0,0.0,0.0,0.0,0.0,0.0,0.0,0.0,0.0,0.0,0.0,0.0,0.0,0.0,0.0,0.0,0.0,0.0,0.0,0.0,0.0,0.0,0.0,0.0,0.0,0.0,0.0,0.0,0.0,0.0
2002-07-31 00:00:00-03:00,0.0,0.0,0.0,0.0,0.0,0.0,0.0,0.0,0.0,0.0,0.0,0.0,0.0,0.0,0.0,0.0,0.0,0.0,0.0,0.0,0.0,5.7e-05,0.173957,0.0,0.0,0.0,0.0,0.0,0.0,0.0,0.0,0.0,0.0,0.0,0.0,0.0,0.0,0.0,0.0,0.0,0.0,0.0,0.0,0.0,0.0,0.0,0.0,0.0,0.0,0.0,0.0
2002-08-31 00:00:00-03:00,0.0,0.0,0.0,0.0,0.0,0.0,0.0,0.0,0.0,0.0,0.0,0.0,0.0,0.0,0.0,0.0,0.0,0.0,0.0,0.0,0.0,0.0,0.0,0.0,0.0,0.0,0.0,0.0,0.0,0.0,0.0,0.0,0.0,0.0,0.0,0.0,0.0,0.0,0.0,0.0,0.0,0.0,0.0,0.0,0.0,0.0,0.0,0.0,0.0,0.0,0.0
2002-09-30 00:00:00-03:00,0.0,0.0,0.0,0.0,0.0,0.0,0.0,0.0,0.0,0.0,0.0,0.0,0.0,0.0,0.0,0.0,0.0,0.0,0.0,0.0,0.0,0.0,0.0,0.0,0.0,0.0,0.0,0.0,0.0,0.0,0.0,0.0,0.0,0.0,0.0,0.0,0.0,0.0,0.0,0.0,0.0,0.0,0.0,0.0,0.0,0.0,0.0,0.0,0.0,0.0,0.0
2002-10-31 00:00:00-03:00,0.0,0.0,0.0,0.0,0.0,0.0,0.0,0.0,0.0,0.0,0.0,0.0,0.0,0.0,0.0,0.0,0.0,0.0,0.0,0.0,0.0,0.0,0.0,0.0,0.0,0.0,0.0,0.0,0.0,0.0,0.0,0.0,0.0,0.0,0.0,0.0,0.0,0.0,0.0,0.0,0.0,0.0,0.0,0.0,0.0,0.0,0.0,0.0,0.0,0.0,0.0
2002-11-30 00:00:00-02:00,0.0,0.0,0.0,0.0,0.0,0.0,0.0,0.0,0.0,0.0,0.0,0.0,0.0,0.0,0.0,0.0,0.0,0.0,0.0,0.0,0.0,0.0,0.0,0.0,0.0,0.0,0.0,0.0,0.0,0.0,0.0,0.0,0.0,0.0,0.0,0.0,0.0,0.0,0.0,0.0,0.0,0.0,0.0,0.0,0.0,0.0,0.0,0.0,0.0,0.0,0.0
2002-12-31 00:00:00-02:00,0.0,0.0,0.0,0.0,0.0,0.0,0.0,0.0,0.0,0.0,0.0,0.0,0.0,0.0,0.0,0.0,0.0,0.0,0.0,0.0,0.0,0.0,0.0,0.0,0.0,0.0,0.0,0.0,0.0,0.0,0.0,0.0,0.0,0.0,0.0,0.0,0.0,0.0,0.0,0.0,0.0,0.0,0.0,0.0,0.0,0.0,0.0,0.0,0.0,0.0,0.0
2003-01-31 00:00:00-02:00,0.0,0.0,0.0,0.0,0.0,0.0,0.0,0.0,0.0,0.0,0.0,0.0,0.0,0.0,0.0,0.0,0.0,0.0,0.0,0.0,0.0,0.000133,0.406234,0.0,0.0,0.0,0.0,0.0,0.0,0.0,0.0,0.0,0.0,0.0,0.0,0.0,0.0,0.0,0.0,0.0,0.0,0.0,0.0,0.0,0.0,0.0,0.0,0.0,0.0,0.0,0.0
2003-02-28 00:00:00-03:00,0.0,0.0,0.0,0.0,0.0,0.0,0.0,0.0,0.0,0.0,0.0,0.0,0.0,0.0,0.0,0.0,0.0,0.0,0.0,0.0,0.0,0.0,0.0,0.0,0.0,0.0,0.0,0.0,0.0,0.0,0.0,0.0,0.0,0.0,0.0,0.0,0.0,0.0,0.0,0.0,0.0,0.0,0.0,0.0,0.0,0.0,0.0,0.0,0.0,0.0,0.0
2003-03-31 00:00:00-03:00,0.0,0.0,0.0,0.0,0.0,0.0,0.0,0.0,0.0,0.0,0.0,0.0,0.0,0.0,0.0,0.0,0.0,0.0,0.0,0.0,0.0,0.0,0.0,0.0,0.0,0.0,0.0,0.0,0.0,0.0,0.0,0.0,0.0,0.0,0.0,0.0,0.0,0.0,0.0,0.0,0.0,0.0,0.0,0.0,0.0,0.0,0.0,0.0,0.0,0.0,0.0
2003-04-30 00:00:00-03:00,0.0,0.0,0.0,0.0,0.0,0.0,0.0,0.0,0.0,0.0,0.0,0.0,0.0,0.0,0.0,0.0,0.0,0.0,0.0,0.0,0.0,5.3e-05,0.165913,0.0,0.0,0.0,0.0,0.0,0.0,0.0,0.0,0.0,0.0,0.0,0.0,0.0,0.0,0.0,0.0,0.0,0.0,0.0,0.0,0.0,0.0,0.0,0.0,0.0,0.0,0.0,0.0
2003-05-31 00:00:00-03:00,0.0,0.0,0.0,0.0,0.0,0.0,0.0,0.0,0.0,0.0,0.0,0.0,0.0,0.0,0.0,0.0,0.0,0.0,0.0,0.0,0.0,0.0,0.0,0.0,0.0,0.0,0.0,0.0,0.0,0.0,0.0,0.0,0.0,0.0,0.0,0.0,0.0,0.0,0.0,0.0,0.0,0.0,0.0,0.0,0.0,0.0,0.0,0.0,0.0,0.0,0.0
2003-06-30 00:00:00-03:00,0.0,0.0,0.0,0.0,0.0,0.0,0.0,0.0,0.0,0.0,0.0,0.0,0.0,0.0,0.0,0.0,0.0,0.0,0.0,0.0,0.0,0.0,0.0,0.0,0.0,0.0,0.0,0.0,0.0,0.0,0.0,0.0,0.0,0.0,0.0,0.0,0.0,0.0,0.0,0.0,0.0,0.0,0.0,0.0,0.0,0.0,0.0,0.0,0.0,0.0,0.0
2003-07-31 00:00:00-03:00,0.0,0.0,0.0,0.0,0.0,0.0,0.0,0.0,0.0,0.0,0.0,0.0,0.0,0.0,0.0,0.0,0.0,0.0,0.0,0.0,0.0,0.035979,0.05631,0.0,0.0,0.0,0.0,0.0,0.0,0.0,0.0,0.0,0.0,0.0,0.0,0.0,0.0,0.0,0.0,0.0,0.0,0.0,0.0,0.0,0.0,0.0,0.0,0.0,0.0,0.0,0.0
2003-08-31 00:00:00-03:00,0.0,0.0,0.0,0.0,0.0,0.0,0.0,0.0,0.0,0.0,0.0,0.0,0.0,0.0,0.0,0.0,0.0,0.0,0.0,0.0,0.0,0.0,0.0,0.0,0.0,0.0,0.0,0.0,0.0,0.0,0.0,0.0,0.0,0.0,0.0,0.0,0.0,0.0,0.0,0.0,0.0,0.0,0.0,0.0,0.0,0.0,0.0,0.0,0.0,0.0,0.0
2003-09-30 00:00:00-03:00,0.0,0.0,0.0,0.0,0.0,0.0,0.0,0.0,0.0,0.0,0.0,0.0,0.0,0.0,0.0,0.0,0.0,0.0,0.0,0.0,0.0,0.0,0.0,0.0,0.0,0.0,0.0,0.0,0.0,0.0,0.0,0.0,0.0,0.0,0.0,0.0,0.0,0.0,0.0,0.0,0.0,0.0,0.0,0.0,0.0,0.0,0.0,0.0,0.0,0.0,0.0
2003-10-31 00:00:00-02:00,0.0,0.0,0.0,0.0,0.0,0.0,0.0,0.0,0.0,0.0,0.0,0.0,0.0,0.0,0.0,0.0,0.0,0.0,0.0,0.0,0.0,0.053968,0.082453,0.0,0.0,0.0,0.0,0.0,0.0,0.0,0.0,0.0,0.0,0.0,0.0,0.0,0.0,0.0,0.0,0.0,0.0,0.0,0.0,0.0,0.0,0.0,0.0,0.0,0.0,0.0,0.0
2003-11-30 00:00:00-02:00,0.0,0.0,0.0,0.0,0.0,0.0,0.0,0.0,0.0,0.0,0.0,0.0,0.0,0.0,0.0,0.0,0.0,0.0,0.0,0.0,0.0,0.0,0.0,0.0,0.0,0.0,0.0,0.0,0.0,0.0,0.0,0.0,0.0,0.0,0.0,0.0,0.0,0.0,0.0,0.0,0.0,0.0,0.0,0.0,0.0,0.0,0.0,0.0,0.0,0.0,0.0
2003-12-31 00:00:00-02:00,0.0,0.0,0.0,0.0,0.0,0.0,0.0,0.0,0.0,0.0,0.0,0.0,0.0,0.0,0.0,0.0,0.0,0.0,0.0,0.0,0.0,0.0,0.0,0.0,0.0,0.0,0.0,0.0,0.0,0.0,0.0,0.0,0.0,0.0,0.0,0.0,0.0,0.0,0.0,0.0,0.0,0.0,0.0,0.0,0.0,0.0,0.0,0.0,0.0,0.0,0.0
2004-01-31 00:00:00-02:00,0.0,0.0,0.0,0.0,0.0,0.0,0.0,0.0,0.0,0.0,0.0,0.0,0.0,0.0,0.0,0.0,0.0,0.0,0.0,0.0,0.0,0.107937,0.195073,0.0,0.0,0.0,0.0,0.0,0.0,0.0,0.0,0.0,0.0,0.0,0.0,0.0,0.0,0.0,0.0,0.0,0.0,0.0,0.0,0.0,0.0,0.0,0.0,0.0,0.0,0.0,0.0
2004-02-29 00:00:00-03:00,0.0,0.0,0.0,0.0,0.0,0.0,0.0,0.0,0.0,0.0,0.0,0.0,0.0,0.0,0.0,0.0,0.0,0.0,0.0,0.0,0.0,0.0,0.0,0.0,0.0,0.0,0.0,0.0,0.0,0.0,0.0,0.0,0.0,0.0,0.0,0.0,0.0,0.0,0.0,0.0,0.0,0.0,0.0,0.0,0.0,0.0,0.0,0.0,0.0,0.0,0.0
2004-03-31 00:00:00-03:00,0.0,0.0,0.0,0.0,0.0,0.0,0.0,0.0,0.0,0.0,0.0,0.0,0.0,0.0,0.0,0.0,0.0,0.0,0.0,0.0,0.0,0.067725,0.110608,0.0,0.0,0.0,0.0,0.0,0.0,0.0,0.0,0.0,0.0,0.0,0.0,0.0,0.0,0.0,0.0,0.0,0.0,0.0,0.0,0.0,0.0,0.0,0.0,0.0,0.0,0.0,0.0
2004-04-30 00:00:00-03:00,0.0,0.0,0.0,0.0,0.0,0.0,0.0,0.0,0.0,0.0,0.0,0.0,0.0,0.0,162.11,0.0,0.0,0.0,0.0,0.0,0.0,0.0,0.0,0.0,0.0,0.0,0.0,0.0,0.0,0.0,0.0,0.0,0.0,0.0,0.0,0.0,0.0,0.0,0.0,0.0,0.0,0.0,0.0,0.0,0.0,0.0,0.0,0.0,0.0,0.0,0.0
2004-05-31 00:00:00-03:00,0.0,0.0,0.0,0.0,0.0,0.0,0.0,0.0,0.0,0.0,0.0,0.0,0.0,0.0,0.0,0.0,0.0,0.0,0.0,0.0,0.0,0.0,0.0,0.0,0.0,0.0,0.0,0.0,0.0,0.0,0.0,0.0,0.0,0.0,0.0,0.0,0.0,0.0,0.0,0.0,0.0,0.0,0.0,0.0,0.0,0.0,0.0,0.0,0.0,0.0,0.0
2004-06-30 00:00:00-03:00,0.0,0.0,0.0,0.0,0.0,0.0,0.0,0.0,0.0,0.0,0.0,0.0,0.0,0.0,0.0,0.0,0.0,0.0,0.0,0.0,0.0,0.0,0.0,0.0,0.0,0.0,0.0,0.0,0.0,0.0,0.0,0.0,0.0,0.0,0.0,0.0,0.0,0.0,0.0,0.0,0.0,0.0,0.0,0.0,0.0,0.0,0.0,0.0,0.0,0.0,0.0
2004-07-31 00:00:00-03:00,0.0,0.0,0.0,0.0,0.0,0.0,0.0,0.0,0.0,0.0,0.0,0.0,0.0,0.0,0.0,0.0,0.0,0.0,0.0,0.0,0.0,0.07619,0.137778,0.0,0.0,0.0,0.0,0.0,0.0,0.0,0.0,0.0,0.0,0.0,0.0,0.0,0.0,0.0,0.0,0.0,0.0,0.0,0.0,0.0,0.0,0.0,0.0,0.0,0.0,0.0,0.0
2004-08-31 00:00:00-03:00,0.0,0.0,0.0,0.0,0.0,0.0,0.0,0.0,0.0,0.0,0.0,0.0,0.0,0.0,0.0,0.0,0.0,0.0,0.0,0.0,0.0,0.097354,0.177778,0.0,0.0,0.0,0.0,0.0,0.0,0.0,0.0,0.0,0.0,0.0,0.0,0.0,0.0,0.0,0.0,0.0,0.0,0.0,0.0,0.0,0.0,0.0,0.0,0.0,0.0,0.0,0.0
2004-09-30 00:00:00-03:00,0.0,0.0,0.0,0.0,0.0,0.0,0.0,0.0,0.0,0.0,0.0,0.0,0.0,0.0,0.0,0.0,0.0,0.0,0.0,0.0,0.0,0.0,0.0,0.0,0.0,0.0,0.0,0.0,0.0,0.0,0.0,0.0,0.0,0.0,0.0,0.0,0.0,0.0,0.0,0.0,0.0,0.0,0.0,0.0,0.0,0.0,0.0,0.0,0.0,0.0,0.0
2004-10-31 00:00:00-03:00,0.0,0.0,0.0,0.0,0.0,0.0,0.0,0.0,0.0,0.0,0.0,0.0,0.0,0.0,0.0,0.0,0.0,0.0,0.0,0.0,0.0,0.0,0.0,0.0,0.0,0.0,0.0,0.0,0.0,0.0,0.0,0.0,0.0,0.0,0.0,0.0,0.0,0.0,0.0,0.0,0.0,0.0,0.0,0.0,0.0,0.0,0.0,0.0,0.0,0.0,0.0
2004-11-30 00:00:00-02:00,0.0,0.0,0.0,0.0,0.0,0.0,0.0,0.0,0.0,0.0,0.0,0.0,0.0,0.0,0.0,0.0,0.0,0.0,0.0,0.0,0.0,0.112169,0.202222,0.0,0.0,0.0,0.0,0.0,0.0,0.0,0.0,0.0,0.0,0.0,0.0,0.0,0.0,0.0,0.0,0.0,0.0,0.0,0.0,0.0,0.0,0.0,0.0,0.0,0.0,0.0,0.0
2004-12-31 00:00:00-02:00,0.0,0.0,0.0,0.0,0.0,0.0,0.0,0.0,0.0,0.0,0.0,0.0,0.0,0.0,0.0,0.0,0.0,0.0,0.0,0.0,0.0,0.0,0.0,0.0,0.0,0.0,0.0,0.0,0.0,0.0,0.0,0.0,0.0,0.0,0.0,0.0,0.0,0.0,0.0,0.0,0.0,0.0,0.0,0.0,0.0,0.0,0.0,0.0,0.0,0.0,0.0
2005-01-31 00:00:00-02:00,0.0,0.0,0.0,0.0,0.0,0.0,0.0,0.0,0.0,0.0,0.0,0.0,0.0,0.0,0.0,0.0,0.0,0.0,0.0,0.0,0.0,0.0,0.0,0.0,0.0,0.0,0.0,0.0,0.0,0.0,0.0,0.0,0.0,0.0,0.0,0.0,0.0,0.0,0.0,0.0,0.0,0.0,0.0,0.0,0.0,0.0,0.0,0.0,0.0,0.0,0.0
2005-02-28 00:00:00-03:00,0.0,0.0,0.0,0.0,0.0,0.0,0.0,0.0,0.0,0.0,0.0,0.0,0.0,0.0,0.0,0.0,0.0,0.0,0.0,0.0,0.0,0.201058,0.426667,0.0,0.0,0.0,0.0,0.0,0.0,0.0,0.0,0.0,0.0,0.0,0.0,0.0,0.0,0.0,0.0,0.0,0.0,0.0,0.0,0.0,0.0,0.0,0.0,0.0,0.0,0.0,0.0
2005-03-31 00:00:00-03:00,0.0,0.0,0.0,0.0,0.0,0.0,0.0,0.0,0.0,0.0,0.0,0.0,0.0,0.0,0.0,0.0,0.0,0.0,0.0,0.0,0.0,0.0,0.0,0.0,0.0,0.0,0.0,0.0,0.0,0.0,0.0,0.0,0.0,0.0,0.0,0.0,0.0,0.0,0.0,0.0,0.0,0.0,0.0,0.0,0.0,0.0,0.0,0.0,0.0,0.0,0.0
2005-04-30 00:00:00-03:00,0.0,0.0,0.0,0.0,0.0,0.0,0.0,0.0,0.0,0.0,0.0,0.0,0.0,0.0,0.0367,0.0,0.0,0.0,0.0,0.0,0.0,0.0,0.0,0.0,0.0,0.0,0.0,0.0,0.0,0.0,0.0,0.0,0.0,0.0,0.0,0.133288,0.0,0.0,0.0,0.0,0.0,0.0,0.0,0.0,0.0,0.0,0.0,0.0,0.0,0.0,0.0
2005-05-31 00:00:00-03:00,0.0,0.0,0.0,0.0,0.0,0.0,0.0,0.0,0.0,0.0,0.0,0.0,0.0,0.0,0.0,0.0,0.0,0.0,0.0,0.0,0.0,0.142857,0.24,0.0,0.0,0.0,0.0,0.0,0.0,0.0,0.0,0.0,0.0,0.0,0.0,0.0,0.0,0.0,0.0,0.0,0.0,0.0,0.0,0.0,0.0,0.0,0.0,0.0,0.0,0.0,0.0
2005-06-30 00:00:00-03:00,0.0,0.0,0.0,0.0,0.0,0.0,0.0,0.0,0.0,0.0,0.0,0.0,0.0,0.0,0.0,0.0,0.0,0.0,0.0,0.0,0.0,0.0,0.0,0.0,0.0,0.0,0.0,0.0,0.0,0.0,0.0,0.0,0.0,0.0,0.0,0.0,0.0,0.0,0.0,0.0,0.0,0.0,0.0,0.0,0.0,0.0,0.0,0.0,0.0,0.0,0.0
2005-07-31 00:00:00-03:00,0.0,0.0,0.0,0.0,0.0,0.0,0.0,0.0,0.0,0.0,0.0,0.0,0.0,0.0,0.0,0.0,0.0,0.0,0.0,0.0,0.0,0.0,0.0,0.0,0.0,0.0,0.0,0.0,0.0,0.0,0.0,0.0,0.0,0.0,0.0,0.250663,0.0,0.0,0.0,0.0,0.0,0.0,0.0,0.0,0.0,0.0,0.0,0.0,0.0,0.0,0.0
2005-08-31 00:00:00-03:00,0.0,0.0,0.0,0.0,0.0,0.0,0.0,0.0,0.0,0.0,0.0,0.0,0.0,0.0,0.0,0.0,0.0,0.0,0.0,0.0,0.0,0.152381,0.263333,0.0,0.0,0.0,0.0,0.0,0.0,0.0,0.0,0.0,0.0,0.0,0.0,0.0,0.0,0.0,0.0,0.0,0.0,0.0,0.0,0.0,0.0,0.0,0.0,0.0,0.0,0.0,0.0
2005-09-30 00:00:00-03:00,0.0,0.0,0.0,0.0,0.0,0.0,0.0,0.0,0.0,0.0,0.0,0.0,0.0,0.0,0.0,0.0,0.0,0.0,0.0,0.0,0.0,0.0,0.0,0.0,0.0,0.0,0.0,0.0,0.0,0.0,0.0,0.0,0.0,0.0,0.0,0.0,0.0,0.0,0.0,0.0,0.0,0.0,0.0,0.0,0.0,0.0,0.0,0.0,0.0,0.0,0.0
2005-10-31 00:00:00-02:00,0.0,0.0,0.0,0.0,0.0,0.0,0.0,0.0,0.0,0.0,0.0,0.0,0.0,0.0,0.0,0.0,0.0,0.0,0.0,0.0,0.0,0.0,0.0,0.0,0.0,0.0,0.0,0.0,0.0,0.0,0.0,0.0,0.0,0.0,0.0,0.0,0.0,0.0,0.0,0.0,0.0,0.0,0.0,0.0,0.0,0.0,0.0,0.0,0.0,0.0,0.0
2005-11-30 00:00:00-02:00,0.0,0.0,0.0,0.0,0.0,0.0,0.0,0.0,0.0,0.0,0.0,0.0,0.0,0.0,0.0,0.0,0.0,0.0,0.0,0.0,0.0,0.142857,0.25,0.0,0.0,0.0,0.0,0.0,0.0,0.0,0.0,0.0,0.0,0.0,0.0,0.0,0.0,0.0,0.0,0.0,0.0,0.0,0.0,0.0,0.0,0.0,0.0,0.0,0.0,0.0,0.0
2005-12-31 00:00:00-02:00,0.0,0.0,0.0,0.0,0.0,0.0,0.0,0.0,0.0,0.0,0.0,0.0,0.0,0.0,0.0,0.0,0.0,0.0,0.0,0.0,0.0,0.0,0.0,0.0,0.0,0.0,0.0,0.0,0.0,0.0,0.0,0.0,0.0,0.0,0.0,0.0,0.0,0.0,0.0,0.0,0.0,0.0,0.0,0.0,0.0,0.0,0.0,0.0,0.0,0.0,0.0
2006-01-31 00:00:00-02:00,0.0,0.0,0.0,0.0,0.0,0.0,0.0,0.0,0.0,0.0,0.0,0.0,0.0,0.0,0.0,0.0,0.0,0.0,0.0,0.0,0.0,0.0,0.0,0.0,0.0,0.0,0.0,0.0,0.0,0.0,0.0,0.0,0.0,0.0,0.0,0.259,0.0,0.0,0.0,0.0,0.0,0.0,0.0,0.0,0.0,0.0,0.0,0.0,0.0,0.0,0.0
2006-02-28 00:00:00-03:00,0.0,0.0,0.0,0.0,0.0,0.0,0.0,0.0,0.0,0.0,0.0,0.0,0.0,0.0,0.0,0.0,0.0,0.0,0.0,0.0,0.0,0.133333,0.23,0.0,0.0,0.0,0.0,0.0,0.0,0.0,0.0,0.0,0.0,0.0,0.0,0.0,0.0,0.0,0.0,0.0,0.0,0.0,0.0,0.0,0.0,0.0,0.0,0.0,0.0,0.0,0.0
2006-03-31 00:00:00-03:00,0.0,0.0,0.0,0.0,0.0,0.0,0.0,0.0,0.0,0.0,0.0,0.0,0.0,0.0,0.0,0.0,0.0,0.0,0.0,0.0,0.0,0.0,0.0,0.0,0.0,0.0,0.0,0.0,0.0,0.0,0.0,0.0,0.0,0.0,0.0,0.0,0.0,0.0,0.0,0.0,0.0,0.0,0.0,0.0,0.0,0.0,0.0,0.0,0.0,0.0,0.0
2006-04-30 00:00:00-03:00,0.0,0.0,0.0,0.0,0.0,0.0,0.0,0.0,0.0,0.0,0.0,0.0,0.0,0.0428,0.0471,0.0,0.0,0.0,0.0,0.0,0.0,0.0,0.0,0.0,0.0,0.0,0.0,0.0,0.0,0.0,0.0,0.0,0.0,0.0,0.0,0.1327,0.0,0.0,0.0,0.0,0.0,0.0,0.0,0.0,0.0,0.0,0.0,0.0,0.0,0.0,0.0
2006-05-31 00:00:00-03:00,0.0,0.0,0.0,0.0,0.0,0.0,0.0,0.0,0.0,0.0,0.0,0.0,0.0,0.0,0.0,0.0,0.0,0.0,0.0,0.0,0.0,0.142857,0.26,0.0,0.0,0.0,0.0,0.0,0.0,0.0,0.0,0.0,0.0,0.0,0.0,0.0,0.0,0.0,0.0,0.0,0.0,0.0,0.0,0.0,0.0,0.0,0.0,0.0,0.0,0.0,0.0
2006-06-30 00:00:00-03:00,0.0,0.0,0.0,0.0,0.0,0.0,0.0,0.0,0.0,0.0,0.0,0.0,0.0,0.0,0.0,0.0,0.0,0.0,0.0,0.0,0.0,0.0,0.0,0.0,0.0,0.0,0.0,0.0,0.0,0.0,0.0,0.0,0.0,0.0,0.0,0.0,0.0,0.0,0.0,0.0,0.0,0.0,0.0,0.0,0.0,0.0,0.0,0.0,0.0,0.0,0.0
2006-07-31 00:00:00-03:00,0.0,0.0,0.0,0.0,0.0,0.0,0.0,0.0,0.0,0.0,0.0,0.0,0.0,0.0,0.0,0.0,0.0,0.0,0.0,0.0,0.0,0.0,0.0,0.0,0.0,0.0,0.0,0.0,0.0,0.0,0.0,0.0,0.0,0.0,0.0,0.0,0.0,0.0,0.0,0.0,0.0,0.0,0.0,0.0,0.0,0.0,0.0,0.0,0.0,0.0,0.0
2006-08-31 00:00:00-03:00,0.0,0.0,0.0,0.0,0.0,0.0,0.0,0.0,0.0,0.0,0.0,0.0,0.0,0.0,0.0,0.0,0.0,0.0,0.0,0.0,0.0,0.166667,0.27,0.0,0.0,0.0,0.0,0.0,0.0,0.0,0.0,0.0,0.0,0.0,0.0,0.0,0.0,0.0,0.0,0.0,0.0,0.0,0.0,0.0,0.0,0.0,0.0,0.0,0.0,0.0,0.0
2006-09-30 00:00:00-03:00,0.0,0.0,0.0,0.0,0.0,0.0,0.0,0.0,0.0,0.0,0.0,0.0,0.0,0.0,0.0,0.0,0.0,0.0,0.0,0.0,0.0,0.0,0.0,0.0,0.0,0.0,0.0,0.0,0.0,0.0,0.0,0.0,0.0,0.0,0.0,0.0,0.0,0.0,0.0,0.0,0.0,0.0,0.0,0.0,0.0,0.0,0.0,0.0,0.0,0.0,0.0
2006-10-31 00:00:00-03:00,0.0,0.0,0.0,0.0,0.0,0.0,0.0,0.0,0.0,0.0,0.0,0.0,0.0,0.0,0.0,0.0,0.0,0.0,0.0,0.0,0.0,0.0,0.0,0.0,0.0,0.0,0.0,0.0,0.0,0.0,0.0,0.0,0.0,0.0,0.0,0.0,0.0,0.0,0.0,0.0,0.0,0.0,0.0,0.0,0.0,0.0,0.0,0.0,0.0,0.0,0.0
2006-11-30 00:00:00-02:00,0.0,0.0,0.0,0.0,0.0,0.0,0.0,0.0,0.0,0.0,0.0,0.0,0.0,0.0,0.0,0.0,0.0,0.0,0.0,0.0,0.0,0.166667,0.3,0.0,0.0,0.0,0.0,0.0,0.0,0.0,0.0,0.0,0.0,0.0,0.0,0.50075,0.0,0.0,0.0,0.0,0.0,0.0,0.0,0.0,0.0,0.0,0.0,0.0,0.0,0.0,0.0
2006-12-31 00:00:00-02:00,0.0,0.0,0.0,0.0,0.0,0.0,0.0,0.0,0.0,0.0,0.0,0.0,0.0,0.0,0.0,0.0,0.0,0.0,0.0,0.0,0.0,0.0,0.0,0.0,0.0,0.0,0.0,0.0,0.0,0.0,0.0,0.0,0.0,0.0,0.0,0.0,0.0,0.0,0.0,0.0,0.0,0.0,0.0,0.0,0.0,0.0,0.0,0.0,0.0,0.0,0.0
2007-01-31 00:00:00-02:00,0.0,0.0,0.0,0.0,0.0,0.0,0.0,0.0,0.0,0.0,0.0,0.0,0.0,0.0,0.0,0.0,0.0,0.0,0.0,0.0,0.0,0.0,0.0,0.0,0.0,0.0,0.0,0.0,0.0,0.0,0.0,0.0,0.0,0.0,0.0,0.225,0.0,0.0,0.0,0.0,0.0,0.0,0.0,0.0,0.0,0.0,0.0,0.0,0.0,0.0,0.0
2007-02-28 00:00:00-03:00,0.0,0.0,0.0,0.0,0.0,0.0,0.0,0.0,0.0,0.0,0.0,0.0,0.0,0.0,0.0,0.0,0.0,0.0,0.0,0.0,0.0,0.166667,0.3,0.0,0.0,0.0,0.0,0.0,0.0,0.0,0.0,0.0,0.0,0.0,0.0,0.0,0.0,0.0,0.0,0.0,0.0,0.0,0.0,0.0,0.0,0.0,0.0,0.0,0.0,0.0,0.0
2007-03-31 00:00:00-03:00,0.0,0.0,0.0,0.0,0.0,0.0,0.0,0.0,0.0,0.0,0.0,0.0,0.0,0.0,0.0,0.0,0.0,0.0,0.0,0.0,0.0,0.0,0.0,0.0,0.0,0.0,0.0,0.0,0.0,0.0,0.0,0.0,0.0,0.0,0.0,0.0,0.0,0.0,0.0,0.0,0.0,0.0,0.0,0.0,0.0,0.0,0.0,0.0,0.0,0.0,0.0
2007-04-30 00:00:00-03:00,0.0,0.0,0.0,0.0,0.0,0.0,0.0,0.0,0.0,0.0,0.0,0.0,0.0,0.098,0.1078,0.0,0.0,0.0,0.0,0.0,0.0,0.0,0.0,0.0,0.0,0.0,0.0,0.0,0.0,0.0,0.0,0.0,0.0,0.0,0.0,0.175,0.0,0.0,0.0,0.0,0.0,0.0,0.0,0.0,0.0,0.0,0.0,0.0,0.0,0.0,0.0
2007-05-31 00:00:00-03:00,0.0,0.0,0.0,0.0,0.0,0.0,0.0,0.0,0.0,0.0,0.0,0.0,0.0,0.0,0.0,0.0,0.0,0.0,0.0,0.0,0.0,0.161905,0.28,0.0,0.0,0.0,0.0,0.0,0.0,0.0,0.0,0.0,0.0,0.0,0.0,0.0,0.0,0.0,0.0,0.0,0.0,0.0,0.0,0.0,0.0,0.0,0.0,0.0,0.0,0.0,0.0
2007-06-30 00:00:00-03:00,0.0,0.0,0.0,0.0,0.0,0.0,0.0,0.0,0.0,0.0,0.0,0.0,0.0,0.0,0.0,0.0,0.0,0.0,0.0,0.0,0.0,0.0,0.0,0.0,0.0,0.0,0.0,0.0,0.0,0.0,0.0,0.0,0.0,0.0,0.0,0.0,0.0,0.0,0.0,0.0,0.0,0.0,0.0,0.0,0.0,0.0,0.0,0.0,0.0,0.0,0.0
2007-07-31 00:00:00-03:00,0.0,0.0,0.0,0.0,0.0,0.0,0.0,0.0,0.0,0.0,0.0,0.0,0.0,0.0,0.0,0.0,0.0,0.0,0.0,0.0,0.0,0.0,0.0,0.0,0.0,0.0,0.0,0.0,0.0,0.0,0.0,0.0,0.0,0.0,0.0,0.0,0.0,0.0,0.0,0.0,0.0,0.0,0.0,0.0,0.0,0.0,0.0,0.0,0.0,0.0,0.0
2007-08-31 00:00:00-03:00,0.0,0.0,0.0,0.0,0.0,0.0,0.0,0.0,0.0,0.0,0.0,0.0,0.0,0.0,0.0,0.0,0.0,0.0,0.0,0.0,0.0,0.138095,0.245,0.0,0.0,0.0,0.0,0.0,0.0,0.0,0.0,0.0,0.0,0.0,0.0,0.2517,0.0,0.0,0.0,0.0,0.0,0.0,0.0,0.0,0.0,0.0,0.0,0.0,0.0,0.0,0.0
2007-09-30 00:00:00-03:00,0.0,0.0,0.0,0.0,0.0,0.0,0.0,0.0,0.0,0.0,0.0,0.0,0.0,0.0,0.0,0.0,0.0,0.0,0.0,0.0,0.0,0.0,0.0,0.0,0.0,0.0,0.0,0.0,0.0,0.0,0.0,0.0,0.0,0.0,0.0,0.0,0.0,0.0,0.0,0.0,0.0,0.0,0.0,0.0,0.0,0.0,0.0,0.0,0.0,0.0,0.0
2007-10-31 00:00:00-02:00,0.0,0.0,0.0,0.0,0.0,0.0,0.0,0.0,0.0,0.0,0.0,0.0,0.0,0.0,0.0,0.0,0.0,0.0,0.0,0.0,0.0,0.0,0.0,0.0,0.0,0.0,0.0,0.0,0.0,0.0,0.0,0.0,0.0,0.0,0.0,0.2565,0.0,0.0,0.0,0.0,0.0,0.0,0.0,0.0,0.0,0.0,0.0,0.0,0.0,0.0,0.0
2007-11-30 00:00:00-02:00,0.0,0.0,0.0,0.0,0.0,0.0,0.0,0.0,0.0,0.0,0.0,0.0,0.0,0.0,0.0,0.0,0.0,0.0,0.0,0.0,0.0,0.161905,0.28,0.0,0.0,0.004488,0.0,0.0,0.0,0.0,0.0,0.0,0.0,0.0,0.0,0.0,0.0,0.0,0.141676,0.0,0.0,0.0,0.0,0.0,0.0,0.0,0.0,0.0,0.0,0.0,0.0
2007-12-31 00:00:00-02:00,0.0,0.0,0.0,0.0,0.0,0.0,0.0,0.0,0.0,0.0,0.0,0.0,0.0,0.0,0.0,0.0,0.0,0.0,0.107853,0.0,0.0,0.0,0.0,0.0,0.0,0.0,0.0,0.0,0.0,0.0,0.0,0.0,0.0,0.0,0.0,0.0,0.0,0.0,0.0,0.0,0.0,0.0,0.0,0.0,0.0,0.064944,0.0,0.0,0.148227,0.0,0.0
2008-01-31 00:00:00-02:00,0.0,0.0,0.0,0.0,0.0,0.0,0.0,0.0,0.0,0.0,0.0,0.0,0.0,0.0,0.0,0.0,0.0,0.0,0.0,0.0,0.0,0.0,0.0,0.0,0.0,0.0,0.0,0.0,0.0,0.0,0.0,0.0,0.0,0.0,0.0,0.1553,0.0,0.0,0.0,0.0,0.0,0.0,0.0,0.0,0.0,0.282201,0.0,0.0,0.0,0.0,0.0
2008-02-29 00:00:00-03:00,0.0,0.0,0.0,0.0,0.0,0.0,0.0,0.0,0.0,0.0,0.0,0.0,0.0,0.0,0.0,0.0,0.0,0.0,0.0,0.0,0.0,0.138095,0.245,0.0,0.0,0.002341,0.0,0.0,0.0,0.0,0.0,0.0,0.0,0.0,0.0,0.0,0.0,0.0,0.0,0.0,0.0,0.0,0.0,0.0,0.0,0.0,0.0,0.0,0.0,0.0,0.0
2008-03-31 00:00:00-03:00,0.0,0.0,0.0,0.0,0.0,0.0,0.0,0.0,0.0,0.0,0.0,0.0,0.0,0.0,0.0,0.70804,0.0,0.0,0.0,0.0,0.0,0.0,0.0,0.0,0.0,0.0,0.0,0.035186,0.0,0.0,0.0,0.0,0.0,0.0,0.0,0.0,0.0,0.0,0.085006,0.0,0.0,0.0,0.0,0.0,0.0,0.0,0.0,0.0,0.2098,0.0,0.0
2008-04-30 00:00:00-03:00,0.0,0.0,0.0,0.0,0.0,0.0,0.0,0.0,0.0,0.0,0.37129,0.0,0.0,0.023622,0.102713,0.0,0.0,0.0,0.0,0.0,0.0,0.0,0.0,0.053027,0.0,0.0,0.0,0.0,0.0,0.0,0.0,0.0,0.0,0.0,0.0,0.1026,0.0,0.0,0.0,0.0,0.808565,0.0,0.0,0.0,0.0,0.213363,0.0,0.0,0.0,0.436585,0.0
2008-05-31 00:00:00-03:00,0.0,0.0,0.0,0.0,0.0,0.0,0.0,0.0,0.0,0.0,0.0,0.0,0.0,0.0,0.0,0.0,0.0,0.0,0.0,0.0,0.0,0.195238,0.32,0.0,0.001562,0.0,0.016464,0.0,0.0,0.0,0.0,0.0,0.0,0.0,0.0,0.0,0.0,0.0,0.0,0.0,0.0,0.0,0.0,0.0,0.0,0.0,0.0,0.0,0.0,0.0,0.0
2008-06-30 00:00:00-03:00,0.0,0.0,0.0,0.0,0.0,0.0,0.0,0.0,0.0,0.0,0.0,0.0,0.0,0.0,0.0,0.0,0.0,0.0,0.0,0.0,0.0,0.0,0.0,0.0,0.0,0.005479,0.0,0.0,0.0,0.0,0.0,0.0,0.0,0.0,0.0,0.0,0.0,0.0,0.089823,0.0,0.0,0.0,0.0,0.0,0.0,0.0,0.0,0.0,0.0,0.0,0.0
2008-07-31 00:00:00-03:00,0.0,0.0,0.0,0.0,0.0,0.0,0.0,0.0,0.0,0.0,0.0,0.0,0.0,0.0,0.0,0.0,0.0,0.0,0.0,0.0,0.0,0.0,0.0,0.0,0.0,0.0,0.0,0.0,0.0,0.0,0.0,0.0,0.0,0.0,0.0,0.0,0.0,0.0,0.0,0.0,0.0,0.321393,0.0,0.0,0.0,0.096797,0.0,0.0,0.0,0.0,0.0
2008-08-31 00:00:00-03:00,0.0,0.0,0.0,0.024332,0.0,0.0,0.0,0.0,0.0,0.0,0.0,0.0,0.147561,0.0,0.0,0.592499,0.0,0.0,0.0,0.0,0.0,0.342857,0.6,0.037778,0.0,0.017024,0.0,0.0,0.0,0.0,0.0,0.0,0.0,0.0,0.0,0.0,0.0,0.0,0.0,0.0,0.10397,0.0,0.0,0.0,0.0,0.0,0.0,0.0,0.4068,0.0,0.0
2008-09-30 00:00:00-03:00,0.0,0.0,0.0,0.0,0.0,0.0,0.0,0.0,0.0,0.0,0.0,0.0,0.0,0.0,0.0,0.0,0.0,0.0,0.0,0.0,0.0,0.0,0.0,0.0,0.0,0.005479,0.0,0.0,0.0,0.0,0.0,0.0,0.0,0.0,0.0,0.0,0.0,0.0,0.093011,0.0,0.0,0.0,0.0,0.0,0.0,0.0,0.0,0.0,0.0,0.0,0.0
2008-10-31 00:00:00-02:00,0.0,0.0,0.0,0.0,0.0,0.0,0.0,0.0,0.019349,0.0,0.0,0.0,0.0,0.0,0.0,0.0,0.0,0.0,0.0,0.0,0.0,0.0,0.0,0.0,0.0,0.0,0.0,0.0,0.0,0.0,0.0,0.0,0.0,0.0,0.0,0.0,0.0,0.0,0.0,0.0,0.0,0.0,0.0,0.0,0.0,0.0,0.0,0.0,0.0,0.13852,0.0
2008-11-30 00:00:00-02:00,0.0,0.0,0.0,0.0,0.0,0.0,0.0,0.0,0.0,0.0,0.0,0.0,0.0,0.0,0.0,0.0,0.0,0.0,0.0,0.0,0.0,0.171429,0.26,0.0,0.0,0.0,0.0,0.0,0.0,0.0,0.0,0.0,0.0,0.0,0.0,0.0,0.0,0.0,0.0,0.0,0.0,0.0,0.0,0.0,0.0,0.0,0.0,0.0,0.0,0.0,0.0
2008-12-31 00:00:00-02:00,0.0,0.0,0.0,0.0,0.0,0.0,0.0,0.0,0.0,0.0,0.0,0.0,0.0,0.0,0.0,0.0,0.0,0.0,0.0,0.0,0.0,0.0,0.0,0.0,0.0,0.0,0.0,0.0,0.0,0.0,0.0,0.0,0.0,0.0,0.0426,0.0426,0.0,0.0,0.098678,0.0,0.0,0.0,0.0,0.0,0.0,0.099049,0.0,0.0,0.398305,0.0,0.0
2009-01-31 00:00:00-02:00,0.0,0.0,0.0,0.023102,0.0,0.0,0.0,0.0,0.0,0.0,0.0,0.0,0.0,0.0,0.0,0.0,0.0,0.0,0.0,0.0,0.0,0.0,0.0,0.0,0.0,0.014204,0.0,0.0,0.0,0.0,0.0,0.0,0.0,0.0,0.0,0.0,0.0,0.0,0.0,0.0,0.0,0.0,0.0,0.0,0.770992,0.0,0.0,0.0,0.0,0.0,0.0
2009-02-28 00:00:00-03:00,0.0,0.0,0.0,0.0,0.0,0.0,0.0,0.0,0.0,0.0,0.0,0.0,0.0,0.0,0.0,0.0,0.0,0.0,0.0,0.0,0.0,0.0,0.0,0.0,0.0,0.0,0.0,0.0,0.0,0.0,0.0,0.0,0.0,0.0,0.0,0.0,0.0,0.0,0.0,0.0,0.0,0.0,0.0,0.0,0.0,0.0,0.0,0.0,0.0,0.0,0.0
2009-03-31 00:00:00-03:00,0.0,0.0,0.0,0.0,0.0,0.0,0.0,0.0,0.0,0.0,0.0,0.0,0.0,0.0,0.0,0.596958,0.0,0.0,0.0,0.0,0.0,0.038095,0.1,0.0,0.0,0.051380999999999996,0.0,0.0,0.0,0.0,0.0,0.0,0.0,0.0,0.0,0.0,0.0,0.0,0.0,0.0,0.526825,0.034538,0.0,0.181962,0.732276,0.0,0.0,0.0,0.248375,0.0,0.0
2009-04-30 00:00:00-03:00,0.0,0.0,0.0,0.0,0.0,0.0,0.0,0.0,0.0,0.0,0.396717,0.0,0.0,0.079493,0.100438,0.0,0.0,0.0,0.0,0.0,0.0,0.0,0.0,0.048889,0.0,0.0,0.008795,0.105555,0.0,0.0,0.0,0.0,0.0,0.0,0.3516,0.3516,0.0,0.0,0.0,0.0,0.0,0.0,0.0,0.0,0.0,0.280752,0.0,0.0,0.0,0.524586,0.0
2009-05-31 00:00:00-03:00,0.0,0.0,0.0,0.039326,0.0,0.0,0.0,0.0,0.0,0.0,0.0,0.0,0.0,0.0,0.0,0.0,0.0,0.0,0.0,0.0,0.0,0.0,0.0,0.027778,0.0,0.0,0.0,0.0,0.0,0.0,0.0,0.0,0.0,0.0,0.0,0.0,0.0,0.0,0.0,0.0,0.17689,0.0,0.0,0.0,0.871073,0.0,0.0,0.0,0.0,0.0,0.0
2009-06-30 00:00:00-03:00,0.0,0.0,0.0,0.0,0.0,0.0,0.0,0.180221,0.0,0.0,0.0,0.0,0.0,0.0,0.0,0.0,0.0,0.0,0.0,0.0,0.0,0.0,0.0,0.0,0.0,0.006674,0.0,0.0,0.0,0.0,0.0,0.0,0.0,0.0,0.0,0.0,0.0,0.0,0.0,0.0,0.0,0.0,0.0,0.0,0.0,0.106162,0.0,0.0,0.0,0.0,0.0
2009-07-31 00:00:00-03:00,0.0,0.0,0.0,0.0,0.0,0.0,0.0,0.0,0.0,0.0,0.0,0.0,0.0,0.0,0.0,0.0,0.0,0.0,0.0,0.0,0.0,0.0,0.0,0.0,0.0,0.0,0.0,0.0,0.0,0.0,0.0,0.0,0.0,0.0,0.3,0.3,0.0,0.0,0.0,0.0,0.0,0.0,0.0,0.0,0.0,0.101021,0.0,0.0,0.0,0.0,0.0
2009-08-31 00:00:00-03:00,0.0,0.0,0.0,0.020019,0.0,0.0,0.0,0.190873,0.0,0.0,0.0,0.0,0.0,0.0,0.0,0.563044,0.0,0.0,0.426516,0.0,0.0,0.0,0.0,0.033333,0.0,0.020747,0.0,0.0,0.0,0.0,0.0,0.0,0.0,0.0,0.0,0.0,0.0,0.0,0.0,0.0,0.0,0.0,0.0,0.0,0.0,0.0,0.0,0.0,0.09547,0.0,0.0
2009-09-30 00:00:00-03:00,0.0,0.0,0.0,0.0,0.0,0.0,0.0,0.185397,0.0,0.0,0.0,0.0,0.0,0.0,0.0,0.0,0.0,0.0,0.0,0.0,0.0,0.0,0.0,0.0,0.0,0.006674,0.0,0.0,0.0,0.0,0.0,0.0,0.0,0.0,0.0,0.0,0.0,0.0,0.0,0.0,0.0,0.0,0.0,0.0,0.0,0.0,0.0,0.0,0.0,0.0,0.0
2009-10-31 00:00:00-02:00,0.0,0.0,0.0,0.0,0.0,0.0,0.0,0.0,0.0,0.0,0.0,0.0,0.0,0.0,0.0,0.0,0.0,0.0,0.0,0.0,0.0,0.0,0.0,0.0,0.0,0.0,0.0,0.0,0.0,0.0,0.0,0.0,0.0,0.0,0.2,0.2,0.0,0.0,0.0,0.0,0.0,1.14784,0.0,0.151658,0.630138,0.102097,0.0,0.0,0.0,0.492036,0.0
2009-11-30 00:00:00-02:00,0.0,0.0,0.0,0.024963,0.0,0.0,0.405848,0.122897,0.0,0.0,0.0,0.0,0.0,0.058625,0.06451,0.0,0.0,0.0,0.237766,0.0,0.0,0.071429,0.165,0.023333,0.0,0.0,0.0,0.0,0.0,0.0,0.0,0.0,0.0,0.0,0.0,0.0,0.172383,0.0,0.0,0.0,0.0,0.0,0.0,0.0,0.0,0.0,0.0,0.0,0.0,0.0,0.0
2009-12-31 00:00:00-02:00,0.0,0.0,0.0,0.002827,0.0,0.0,0.0,0.189043,0.0,0.0,0.0,0.0,0.0,0.0,0.0,0.0,0.0,0.0,0.0,0.0,0.0,0.171429,0.26,0.0,0.0,0.006674,0.0,0.122941,0.0,0.0,0.0,0.416446,0.28895,0.0,0.2,0.2,0.0,0.0,0.09209,0.0,0.37312,0.0,0.0,0.0,0.0,0.100987,0.0,0.0,0.32714,0.0,0.0
2010-01-31 00:00:00-02:00,0.0,0.0,0.0,0.0,0.0,0.0,0.0,0.0,0.0,0.0,0.0,0.0,0.0,0.0,0.0,0.0,0.0,0.0,0.0,0.0,0.0,0.0,0.0,0.0,0.0,0.014183,0.0,0.0,0.0,0.0,0.0,0.0,0.0,0.0,0.0,0.0,0.029607,0.0,0.0,0.0,0.0,0.0,0.0,0.0,0.322946,0.264888,0.0,0.0,0.0,0.0,0.0
2010-02-28 00:00:00-03:00,0.0,0.0,0.0,0.0,0.0,0.0,0.0,0.468197,0.0,0.0,0.0,0.0,0.0,0.0,0.0,0.0,0.0,0.0,0.0,0.0,0.0,0.0,0.0,0.0,0.0,0.0,0.0,0.0,0.0,0.0,0.0,0.0,0.0,0.0,0.0,0.0,0.0,0.0,0.0,0.0,0.0,0.0,0.0,0.0,0.0,0.0,0.0,0.0,0.0,0.0,0.0
2010-03-31 00:00:00-03:00,0.0,0.0,0.0,0.012705000000000001,0.104314,0.0,0.0,0.201718,0.0,0.0,0.0,0.0,0.0,0.0,0.0,0.645132,0.0,0.0,0.0,0.0,0.0,0.0,0.0,0.0,0.0,0.09318,0.0,0.0,0.0,0.0,0.0,0.0,0.0,0.0,0.0,0.0,0.0,0.0,0.072255,0.105348,0.0,0.0,0.0,0.0,0.0,0.0,0.0,0.0,0.076865,0.0,0.0
2010-04-30 00:00:00-03:00,0.080694,0.0,0.0,0.0,0.0,0.0,0.0,0.0,0.0,0.0,0.443847,0.237561,0.0,0.018323,0.02015,0.0,0.0,0.0,0.0,0.0,0.0,0.0,0.0,0.037778,0.0,0.0,0.0,0.0,0.0,0.0,0.0,0.0,0.0,0.0,0.102085,0.1332,0.0,0.0,0.0,0.0,0.0,0.0,0.0,0.454975,2.31973,0.101875,0.06581,0.0,0.0,0.421661,0.0
2010-05-31 00:00:00-03:00,0.0,0.0,0.0,0.060533000000000003,0.064528,0.0,0.415714,0.380778,0.0,0.0,0.0,0.0,0.0,0.0,0.0,0.0,0.0,0.0,0.100392,0.0,0.0,0.114286,0.16,0.025,0.023705,0.0,0.026459,0.070386,0.0,0.0,0.0,0.043941,0.0,0.0,0.17,0.17,0.0,0.0,0.0,0.0,1.02883,0.0,0.014483,0.0,0.0,0.126201,0.0,0.0,0.0,0.0,0.0
2010-06-30 00:00:00-03:00,0.0,0.0,0.0,0.0,0.105733,0.0,0.0,0.0,0.0,0.0,0.0,0.0,0.0,0.0,0.0,0.0,0.0,0.0,0.0,0.0,0.0,0.0,0.0,0.0,0.0,0.006683,0.0,0.0,0.0,0.0,0.0,0.0,0.0,0.0,0.0,0.0,0.0,0.083751,0.072255,0.0,0.0,0.0,0.0,0.0,0.0,0.0,0.0,0.0,0.0,0.0,0.0
2010-07-31 00:00:00-03:00,0.080694,0.0,0.0,0.0,0.0,0.0,0.0,0.0,0.0,0.0,0.0,0.0,0.0,0.0,0.0,0.0,0.0,0.0,0.0,0.0,0.0,0.0,0.0,0.0,0.0,0.0,0.0,0.0,0.0,0.0,0.0,0.0,0.0,0.0,0.0,0.0,0.0,0.0,0.0,0.105348,0.0,0.0,0.506897,0.0,0.0,0.08732,0.0,0.0,0.0,0.0,0.0
2010-08-31 00:00:00-03:00,0.0,0.0,0.0,0.039339,0.0,0.0,0.0,0.20065,0.0,0.0,0.0,0.0,0.0,0.025213,0.027742,0.760799,0.0,0.0,0.0,0.0,0.030594,0.133333,0.22,0.013333,0.0,0.029052,0.0,0.0,0.0,0.0,0.0,0.0,0.0,0.0,0.17,0.17,0.0,0.0,0.0,0.0,0.0,0.0,0.0,0.222179,0.0,0.0,0.0,0.0,0.0,0.0,0.0
2010-09-30 00:00:00-03:00,0.0,0.0,0.0,0.0,0.107153,0.0,0.0,0.200244,0.0,0.0,0.0,0.0,0.0,0.0,0.0,0.0,0.0,0.0,0.0,0.0,0.0,0.0,0.0,0.0,0.0,0.006683,0.0,0.0,0.0,0.0,0.0,0.0,0.0,0.0,0.0,0.0,0.0,0.0,0.072255,0.118648,0.0,0.0,0.0,0.0,0.0,0.0,0.0,0.0,0.0,0.0,0.0
2010-10-31 00:00:00-02:00,0.086902,0.0,0.0,0.0,0.0,0.0,0.0,0.0,0.0,0.0,0.0,0.0,0.0,0.0,0.0,0.0,0.0,0.0,0.350644,0.218155,0.0,0.0,0.0,0.0,0.0,0.0,0.0,0.095725,0.0,0.0,0.0,0.0,0.0,0.0,0.0,0.0,0.0,0.0,0.0,0.0,0.0,0.0,0.0,0.0,0.614384,0.088422,0.0,0.0,0.244485,0.471881,0.0
2010-11-30 00:00:00-02:00,0.0,0.0,0.0,0.0397,0.0,0.0,0.355803,0.131424,0.0,0.0,0.0,0.0,0.0,0.0,0.0,0.0,0.0,0.0,0.269632,0.0,0.0,0.114286,0.18,0.04,0.0,0.0,0.0,0.0,0.0,0.0,0.0,0.0,0.22165,0.0,0.14,0.14,0.146837,0.0,0.0,0.0,0.0,0.403533,0.724139,0.096682,0.0,0.0,0.0,0.0,0.0,0.0,0.0
2010-12-31 00:00:00-02:00,0.0,0.0,0.0,0.004578,0.286456,0.0,0.0,0.203766,0.0,0.0,0.605475,0.459448,0.0,0.0,0.0,0.0,0.0,0.0,0.0,0.0,0.076189,0.0,0.0,0.0,0.0,0.006683,0.0,0.0,0.0,0.0,0.0,0.0,0.0,0.0,0.2,0.2,0.0,0.08624,0.099174,0.096262,0.0,0.0,0.0,0.0,0.0,0.0,0.0,0.0,0.189246,0.0,0.0
2011-01-31 00:00:00-02:00,0.0,0.0,0.0,0.0,0.0,0.0,0.0,0.0,0.0,0.0,0.0,0.0,0.0,0.0,0.0,0.0,0.0,0.301874,0.0,0.0,0.0,0.0,0.0,0.0,0.0,0.035463,0.0,0.0,0.0,0.0,0.0,0.099633,0.0,0.0,0.0,0.0,0.097363,0.0,0.0,0.0,0.0,0.0,0.0,0.0,0.374376,0.087461,0.0,0.0,0.0,0.320048,0.0
2011-02-28 00:00:00-03:00,0.0,0.0,0.0,0.007212,0.0,0.0,0.0,0.32618,0.0,0.0,0.0,0.0,0.0,0.0,0.0,0.0,0.0,0.0,0.0,0.0,0.0,0.0,0.0,0.0,0.0,0.0,0.0,0.0,0.0,0.0,0.0,0.0,0.0,0.0,0.0,0.0,0.0,0.0,0.0,0.0,0.0,0.0,0.0,0.0,0.0,0.0,0.0,0.0,0.0,0.0,0.0
2011-03-31 00:00:00-03:00,0.0,0.0,0.0,0.0,0.117952,0.0,0.0,0.215096,0.0,0.0,0.0,0.0,0.0,0.0,0.0,0.0,0.0,0.0,0.0,0.0,0.0,0.057143,0.09,0.0,0.0,0.079156,0.0,0.0,0.0,0.0,0.0,0.0,0.0,0.062425,0.17342,0.17342,0.132918,0.0,0.085006,0.158022,0.0,0.0,0.0,0.0,2.64899,0.0,0.0,0.0,0.150599,0.0,0.0
2011-04-30 00:00:00-03:00,0.102237,0.0,0.0,0.0,0.0,0.0,0.14588,0.0,0.0,0.0,0.0,0.0,0.112475,0.034032,0.044049,0.477486,0.0,0.0,0.0,0.0,0.0,0.0,0.0,0.056667,0.0,0.0,0.0,0.0,0.0,0.0,0.0,0.0,0.0,0.0,0.1265,0.1265,0.0,0.084311,0.0,0.0,0.0,1.26534,0.0,0.454975,2.63251,0.09116,0.0,0.0,0.0,0.608247,0.0
2011-05-31 00:00:00-03:00,0.0,0.0,0.0,0.068908,0.197685,0.0,0.0,0.156962,0.0,0.0,0.402329,0.305296,0.0,0.0,0.0,0.0,0.0,0.0,0.193975,0.091088,0.0,0.057143,0.1,0.05,0.059962,0.0,0.0,0.234621,0.0,0.0,0.0,0.014036,0.0,0.0,0.2018,0.2136,0.0,0.0,0.0,0.0,0.24472,0.0,0.015931,0.0,0.0,0.02729,0.056849,0.0,0.0,0.0,0.0
2011-06-30 00:00:00-03:00,0.0,0.0,0.0,0.017043,0.0,0.0,0.0,0.262432,0.0,0.0,0.0,0.0,0.0,0.0,0.0,0.0,0.0,0.0,0.0,0.0,0.0,0.0,0.0,0.0,0.0,0.006694,0.0,0.0,0.0,0.0,0.0,0.0,0.0,0.0,0.0,0.0,0.0,0.099985,0.077922,0.270259,0.0,0.0,0.0,0.0,0.0,0.0,0.0,0.0,0.0,0.0,0.0
2011-07-31 00:00:00-03:00,0.10954,0.0,0.0,0.0,0.0,0.0,0.0,0.0,0.0,0.0,0.0,0.0,0.118049,0.0,0.0,0.0,0.0,0.0,0.0,0.0,0.0,0.0,0.0,0.0,0.0,0.0,0.0,0.0,0.0,0.0,0.0,0.0,0.0,0.0,0.0,0.0,0.0,0.0,0.0,0.0,0.0,0.0,0.0,0.0,0.0,0.103613,0.0,0.0,0.0,0.0,0.0
2011-08-31 00:00:00-03:00,0.0,0.0,0.0,0.04058,0.0,0.0,0.0,0.212075,0.0,0.0,0.0,0.0,0.0,0.078803,0.086706,0.73455,0.0,0.0,0.806464,0.0,0.06787,0.085714,0.15,0.029667,0.0,0.037296,0.0,0.0,0.0,0.0,0.0,0.0,0.324916,0.0,0.2073,0.2073,0.0,0.0,0.0,0.0,0.0,0.0,0.33,0.121327,0.0,0.0,0.0,0.0,0.0,0.933403,0.0
2011-09-30 00:00:00-03:00,0.0,0.0,0.0,0.0,0.142543,0.0,0.0,0.278181,0.0,0.0,0.0,0.0,0.121328,0.0,0.0,0.0,0.0,0.0,0.0,0.0,0.0,0.0,0.0,0.0,0.0,0.006694,0.0,0.0,0.0,0.0,0.0,0.0,0.0,0.0,0.0,0.0,0.0,0.0,0.070838,0.105513,0.0,0.0,0.0,0.0,0.0,0.0,0.0,0.0,0.0,0.0,0.0
2011-10-31 00:00:00-02:00,0.10954,0.0,0.0,0.0,0.0,0.0,0.0,0.0,0.0,0.0,0.0,0.0,0.0,0.0,0.0,0.0,0.0,0.0,0.0,0.0,0.0,0.0,0.0,0.0,0.0,0.0,0.0,0.0,0.0,0.0,0.0,0.0,0.0,0.0,0.0,0.0,0.292488,0.0,0.0,0.0,0.0,0.0,0.0,0.0,1.362007,0.099969,0.0,0.0,0.0,0.634329,0.0
2011-11-30 00:00:00-02:00,0.0,0.0,0.0,0.04038,0.144345,0.0,0.661899,0.125885,0.0,0.0,0.0,0.0,0.0,0.0,0.0,0.0,0.0,0.0,0.31129,0.254218,0.0,0.114286,0.19,0.067,0.031157,0.0,0.0,0.0,0.0,0.0,0.0,0.0,0.0,0.0,0.2,0.2,0.0,0.0,0.0,0.0,0.0,0.0,1.1,0.121327,0.0,0.0,0.0,0.0,0.0,0.0,0.0
2011-12-31 00:00:00-02:00,0.0,0.0,0.0,0.0,0.146579,0.0,0.0,0.280441,0.0,0.0,0.571838,0.433924,0.0,0.0,0.0,0.0,0.0,0.0,0.0,0.0,0.031694,0.0,0.0,0.0,0.0,0.120016,0.0,0.0,0.0,0.0,0.0,0.0,0.192026,0.0,0.0,0.0,0.100102,0.10295,0.0,0.204494,0.0,0.0,0.0,0.0,0.0,0.0,0.0,0.0,0.0,0.0,0.0
2012-01-31 00:00:00-02:00,0.0,0.0,0.0,0.0,0.0,0.0,0.0,0.0,0.0,0.0,0.0,0.0,0.0,0.0,0.0,0.0,0.0,0.0,0.0,0.0,0.0,0.0,0.0,0.0,0.0,0.0,0.0,0.139988,0.0,0.0,0.0,0.0,0.049392,0.0,0.1773,0.1773,0.0,0.0,0.0,0.0,0.0,0.0,0.0,0.0,0.514966,0.104181,0.0,0.0,0.0,0.0,0.0
2012-02-29 00:00:00-03:00,0.0,0.0,0.0,0.0,0.0,0.0,0.0,0.156996,0.0,0.0,0.0,0.0,0.0,0.0,0.0,0.0,0.0,0.0,0.0,0.0,0.0,0.07619,0.11,0.0,0.0,0.0,0.0,0.0,0.0,0.0,0.0,0.0,0.0,0.0,0.0,0.0,0.0,0.0,0.0,0.0,0.0,0.0,0.0,0.0,0.0,0.0,0.0,0.0,0.0,0.0,0.0
2012-03-31 00:00:00-03:00,0.0,0.0,0.0,0.03914,0.158394,0.0,0.0,0.293279,0.0,0.0,0.0,0.0,0.192767,0.0,0.0,0.0,0.0,0.2709,0.0,0.0,0.0,0.0,0.0,0.0,0.0,0.070623,0.0,0.046663,0.0,0.0,0.0,0.0,0.0,0.197204,0.1244,0.1244,0.09135,0.123006,0.0,0.08976,0.0,0.0,0.0,0.0,0.0,0.0,0.0,0.0,0.086646,0.0,0.0
2012-04-30 00:00:00-03:00,0.0,0.0,0.0,0.0,0.0,0.0,0.619873,0.0,0.0,0.0,0.544103,0.330302,0.0,0.06803,0.07484,0.745121,0.0,0.0,0.317026,0.014404,0.0,0.0,0.0,0.096667,0.001693,0.0,0.0,0.0,0.0,0.0,0.0,0.0,0.130167,0.0,0.0,0.0,0.0,0.0,0.0,0.0,0.82306,0.813163,0.0,0.454975,0.732386,0.103843,0.0,0.0,0.0,1.07528,0.0
2012-05-31 00:00:00-03:00,0.0,0.0,0.0,0.03872,0.162864,0.0,0.0,0.06331,0.0,0.0,0.0,0.0,0.0,0.0,0.0,0.0,0.0,0.0,0.0,0.0,0.0,0.057143,0.08,0.065333,0.0,0.0,0.0,0.0,0.0,0.0,0.0,0.0,0.0,0.0,0.2,0.2,0.0,0.0,0.0,0.0,0.0,0.0,0.0,0.0,0.0,0.0,0.0,0.0,0.0,0.0,0.0
2012-06-30 00:00:00-03:00,0.0,0.0,0.0,0.0,0.160549,0.0,0.0,0.298239,0.0,0.0,0.0,0.0,0.101531,0.0,0.0,0.0,0.0,0.0,0.0,0.0,0.0,0.0,0.0,0.0,0.0,0.007901,0.0,0.0,0.0,0.0,0.0,0.0,0.0,0.0,0.0,0.0,0.0,0.048546,0.0,0.129397,0.0,0.0,0.0,0.0,0.0,0.0,0.0,0.0,0.0,0.0,0.0
2012-07-31 00:00:00-03:00,0.242581,0.0,0.0,0.0,0.0,0.0,0.0,0.0,0.0,0.0,0.0,0.0,0.0,0.0,0.0,0.0,0.0,0.0,0.0,0.0,0.0,0.0,0.0,0.0,0.090223,0.0,0.0,0.0,0.0,0.0,0.0,0.0,0.0,0.0,0.0,0.0,0.0,0.0,0.0,0.0,0.0,0.0,0.0,0.0,0.0,0.261434,0.0,0.0,0.0,0.0,0.0
2012-08-31 00:00:00-03:00,0.0,0.0,0.0,0.041459,0.0,0.0,0.0,0.124066,0.0,0.0,0.0,0.0,0.0,0.0,0.0,0.628972,0.0,0.0,0.850272,0.0,0.063351,0.085714,0.13,0.047333,0.0,0.0,0.0,0.0,0.0,0.0,0.0,0.0,0.1704,0.0,0.0,0.0,0.0,0.0,0.0,0.0,0.0,0.0,0.77,0.151658,0.0,0.0,0.0,0.015057,0.0,0.0,0.0
2012-09-30 00:00:00-03:00,0.0,0.0,0.0,0.0,0.148696,0.0,0.0,0.285821,0.0,0.0,0.0,0.0,0.105893,0.0,0.0,0.0,0.0,0.0,0.0,0.0,0.0,0.0,0.0,0.0,0.0,0.007901,0.0,0.0,0.0,0.0,0.0,0.0,0.0,0.0,0.0,0.0,0.0,0.0,0.0,0.092427,0.0,0.0,0.0,0.0,0.0,0.0,0.0,0.0,0.0,0.0,0.0
2012-10-31 00:00:00-02:00,0.0,0.0,0.0,0.0,0.0,0.0,0.0,0.0,0.0,0.0,0.0,0.0,0.0,0.0,0.0,0.0,0.0,0.0,0.0,0.0,0.0,0.0,0.0,0.0,0.0,0.0,0.0,0.0,0.0,0.0,0.0,0.0,0.0,0.0,0.0,0.0,0.300347,0.0,0.0,0.0,0.0,0.0,0.0,0.0,0.0,0.0,0.0,0.0,0.0,1.18652,0.0
2012-11-30 00:00:00-02:00,0.0,0.0,0.0,0.015535,0.151837,0.0,0.575653,0.106932,0.0,0.0,0.0,0.0,0.0,0.0,0.0,0.0,0.0,0.0,0.338504,0.220093,0.0,0.066667,0.09,0.0,0.0,0.0,0.0,0.0,0.0,0.0,0.0,0.0,0.0,0.0,0.0,0.0,0.0,0.0,0.0,0.0,0.0,0.0,0.355135,0.121327,0.937417,0.0,0.0,0.0,0.0,0.0,0.0
2012-12-31 00:00:00-02:00,0.0,0.0,0.0,0.0,0.097721,0.0,0.0,0.297177,0.0,0.0,1.285127,0.612597,0.0,0.0,0.0,0.0,0.0,0.0,0.0,0.0,0.050681,0.0,0.0,0.0,0.0,0.116939,0.0,0.0,0.0,0.0,0.0,0.0,0.137667,0.0,0.0,0.0,0.098054,0.0,0.0,0.167036,0.20576,0.464443,0.0,0.0,0.0,0.0,0.0,0.0,0.0,0.0,0.0
2013-01-31 00:00:00-02:00,0.227803,0.0,0.0,0.0,0.0,0.0,0.0,0.0,0.0,0.0,0.0,0.0,0.0,0.04792,0.05272,0.0,0.0,0.0,0.0,0.0,0.0,0.0,0.0,0.0,0.090223,0.0,0.0,0.0,0.0,0.0,0.0,0.0,0.0603,0.0,0.0,0.0,0.0,0.0,0.0,0.0,0.0,0.0,0.0,0.0,1.37791,0.0,0.0,0.0,0.0,0.0,0.0
2013-02-28 00:00:00-03:00,0.0,0.0,0.0,0.0,0.0,0.0,0.0,0.0,0.0,0.0,0.0,0.0,0.0,0.0,0.0,0.0,0.0,0.0,0.706472,0.0,0.0,0.0,0.0,0.0,0.0,0.0,0.0,0.0,0.0,0.0,0.0,0.0,0.0,0.0,0.0,0.0,0.0,0.0,0.0,0.0,0.0,0.0,0.0,0.0,0.0,0.0,0.0,0.0,0.0,0.0,0.0
2013-03-31 00:00:00-03:00,0.0,0.0,0.0,0.0,0.147334,0.0,0.0,0.526247,0.0,0.0,0.0,0.0,0.21479199999999998,0.0,0.0,0.0,0.0,0.0,0.0,0.0,0.0,0.019048,0.02,0.0,0.0,0.07416700000000001,0.0,0.0,0.0,0.0,0.0,0.0,0.0,0.0,0.0,0.0,0.0,0.0,0.0,0.0,0.0,0.0,0.0,0.0,0.0,0.0,0.0,0.0,0.0,0.0,0.0
2013-04-30 00:00:00-03:00,0.0,0.0,0.0,0.067079,0.0,0.0,0.524577,0.0,0.0,0.0,0.0,0.0,0.0,0.045607,0.050169,0.447882,0.0,0.0,0.0,0.022362,0.0,0.0,0.0,0.116667,0.0619,0.0,0.059513,0.069578,0.050033,0.0,0.0,0.0,0.0,0.0,0.13431,0.38617,0.184335,0.002724,0.0,0.079205,0.37144,0.0,0.297803,0.0,1.25162,0.0,0.024256,0.054086,0.0,0.864045,0.0
2013-05-31 00:00:00-03:00,0.0,0.0,0.0,0.09331700000000001,0.080811,0.0,0.0,0.09821,0.0,0.0,0.462413,0.621841,0.0,0.0,0.0,0.0,0.0,0.363868,0.0,0.0,0.0,0.019048,0.02,0.071,0.0,0.0,0.0,0.115963,0.0,0.0,0.0,0.0,0.0,0.0,0.0,0.0,0.0,0.0,0.0,0.0,0.0,1.04292,0.0,0.454975,0.0,0.0,0.0,0.0,0.0,0.0,0.0
2013-06-30 00:00:00-03:00,0.0,0.0,0.0,0.0,0.148532,0.0,0.0,0.281982,0.0,0.0,0.0,0.0,0.084984,0.0,0.0,0.0,0.0,0.0,0.0,0.0,0.0,0.0,0.0,0.0,0.0,0.008757,0.0,0.0,0.0,0.0,0.0,0.0,0.0,0.0,0.0,0.0,0.0,0.09997,0.0,0.171634,0.0,0.0,0.0,0.0,0.0,0.0,0.0,0.0,0.0,0.0,0.0
2013-07-31 00:00:00-03:00,0.0,0.0,0.0,0.0,0.0,0.0,0.0,0.0,0.0,0.0,0.0,0.0,0.0,0.0,0.0,0.0,0.0,0.0,0.0,0.0,0.0,0.0,0.0,0.0,0.0,0.0,0.0,0.0,0.0,0.0,0.0,0.0,0.0,0.0,0.0,0.0,0.0,0.0,0.0,0.0,0.0,0.0,0.0,0.0,0.0,0.0,0.0,0.0,0.0,0.0,0.0
2013-08-31 00:00:00-03:00,0.0,0.0,0.0,0.048981,0.0,0.414788,0.0,0.780872,0.0,0.0,0.0,0.0,0.0,0.0,0.0,0.356659,0.0,0.0,0.940728,0.0,0.138251,0.066667,0.11,0.046,0.0,0.041449,0.0,0.0,0.0,0.0,0.0,0.0,0.129987,0.0,0.0,0.0,0.0,0.0,0.0,0.0,0.144036,0.0,0.0,0.136492,0.0,0.0,0.0,0.0,0.0,0.0,0.0
2013-09-30 00:00:00-03:00,0.0,0.0,0.0,0.0,0.150928,0.0,0.0,0.313771,0.0,0.0,0.0,0.0,0.072567,0.0,0.0,0.0,0.0,0.0,0.0,0.0,0.0,0.0,0.0,0.0,0.0,0.008757,0.0,0.0,0.0,0.0,0.0,0.0,0.0,0.0,0.0,0.0,0.0,0.0,0.0,0.119036,0.0,0.0,0.0,0.0,0.183722,0.0,0.0,0.0,0.0,0.0,0.0
2013-10-31 00:00:00-02:00,0.0,0.0,0.0,0.0,0.0,0.0,0.0,0.0,0.0,0.0,0.0,0.0,0.0,0.0,0.0,0.0,0.0,0.0,0.0,0.0,0.0,0.0,0.0,0.0,0.0,0.0,0.0,0.0,0.0,0.0,0.0,0.0,0.0,0.0,0.0,0.0,0.275756,0.0,0.0,0.0,0.0,0.0,0.0,0.0,0.183722,0.0,0.0,0.0,0.0,0.120605,0.0
2013-11-30 00:00:00-02:00,0.0,0.0,0.0,0.039447,0.152083,0.0,0.098808,0.066615,0.0,0.0,0.0,0.0,0.0,0.619606,0.069111,0.0,0.0,0.0,0.300026,0.0,0.057922,0.114286,0.16,0.093,0.0,0.0,0.0,0.0,0.0681,0.0,0.0,0.0,0.0,0.0,0.0,0.0,0.0,0.0,0.0,0.0,0.743541,0.0,0.0,0.227487,1.072267,0.0,0.0,0.0,0.0,0.0,0.0
2013-12-31 00:00:00-02:00,0.0,0.0,0.0,0.0,0.0,0.0,0.0,0.309285,0.100704,0.0,0.272605,0.43973,0.0,0.0,0.0,0.0,0.0,0.0,0.0,0.161693,0.063351,0.0,0.0,0.0,0.0,0.058963,0.0,0.0,0.0,0.0,0.0,0.0,0.0,0.0,0.0,0.0,0.094806,0.082566,0.0,0.0,0.0,0.551526,0.0,0.0,0.0,0.324763,0.0,0.0,0.0,0.0,0.0
2014-01-31 00:00:00-02:00,0.0,0.0,0.0,0.0,0.0,0.0,0.0,0.0,0.0,0.0,0.0,0.0,0.0,0.0,0.0,0.0,0.0,0.0,0.0,0.0,0.0,0.0,0.0,0.0,0.0,0.0,0.0,0.0,0.0,0.0,0.0,0.0,0.0,0.0,0.0,0.0,0.0,0.0,0.0,1.6620080000000002,0.0,0.0,0.0,0.0,0.634675,0.0,0.0,0.0,0.0,0.0,0.0
2014-02-28 00:00:00-03:00,0.0,0.0,0.0,0.0,0.0,0.58965,0.0,0.132155,0.0,0.0,0.0,0.0,0.093652,0.0,0.0,0.0,0.0,0.0,0.0,0.0,0.0,0.0,0.0,0.0,0.103441,0.0,0.0,0.0,0.0,0.0,0.0,0.0,0.0,0.0,0.0,0.0,0.0,0.0,0.003202,0.0,0.0,0.0,0.0,0.0,0.0,0.0,0.0,0.0,0.0,0.0,0.0
2014-03-31 00:00:00-03:00,0.0,0.0,0.0,0.0,0.0,0.0,0.0,0.314638,0.0,0.0,0.0,0.0,0.095513,0.0,0.0,0.0,0.0,0.0,0.0,0.0,0.0,0.066667,0.08,0.0,0.0,0.008792,0.0,0.0,0.0,0.09833,0.0,0.0,0.0,0.0,0.0,0.0,0.786988,0.0,0.0,0.031866,0.291501,0.0,0.0,0.0,0.871008,0.0,0.0,0.0,0.0,0.0,0.0
2014-04-30 00:00:00-03:00,0.0,1.398118,0.0,0.0,0.0,0.0,0.321793,0.0,0.0,0.0,0.0,0.0,0.0,0.082136,0.090366,0.557808,0.0,0.0,0.0,0.042377,0.316756,0.0,0.0,0.169355,0.015308,0.0,0.0,0.0,0.082617,0.0,0.0,0.0,0.125379,0.0,0.53808,0.9672,0.0,0.067031,0.0,0.0,0.0,0.0,0.0,0.257546,0.110683,0.048715,0.031243,0.138614,0.0,0.898904,0.0
2014-05-31 00:00:00-03:00,0.0,0.0,0.0,0.037179,0.169697,0.0,0.0,0.081217,0.0,0.0,0.577481,0.573052,0.0,0.0,0.0,0.0,0.0,0.372441,0.0,0.0,0.0,0.066667,0.11,0.0,0.0,0.0,0.07675,0.046306,0.0,0.0,0.0,0.0,0.0,0.0,0.0,0.0,0.0,0.0,0.0,0.0,0.0,1.200777,0.0,0.0,0.0,0.0,0.0,0.0,0.0,0.0,0.0
2014-06-30 00:00:00-03:00,0.0,0.0,0.0,0.026158,0.163003,0.0,0.0,0.321041,0.0,0.0,0.310747,0.869904,0.09173,0.0,0.0,0.0,0.0,0.0,0.0,0.0,0.0,0.0,0.0,0.0,0.0,0.009671,0.0,0.0,0.0,0.0,0.0,0.0,0.0,0.0,0.0,0.0,0.0,0.097405,0.0,0.106051,0.0,0.0,0.0,0.0,0.0,0.0,0.0,0.0,0.0,0.0,0.0
2014-07-31 00:00:00-03:00,0.243693,0.0,0.0,0.0,0.0,0.0,0.0,0.0,0.0,0.0,0.0,0.0,0.0,0.0,0.0,0.0,0.0,0.0,0.0,0.0,0.0,0.0,0.0,0.0,0.0,0.0,0.0,0.0,0.0,0.0,0.0,0.0,0.0,0.0,0.0,0.0,0.0,0.0,0.0,0.0,0.0,0.0,0.0,0.0,0.0,0.0,0.0,0.0,0.0,0.0,0.0
2014-08-31 00:00:00-03:00,0.0,0.0,0.0,0.03646,0.0,0.597661,0.0,0.07878,0.0,0.0,0.0,0.0,0.0,0.0,0.0,0.0,0.0,0.0,0.0,0.1635,0.0,0.057143,0.07,0.033133,0.0,0.052867,0.0,0.0,0.0,0.1659,0.0,0.0,0.1609,0.0,0.0,0.0,0.0,0.0,0.0,0.0,0.0,0.0,0.0,0.0,0.2489,0.049078,0.0,0.0,0.0,0.0,0.0
2014-09-30 00:00:00-03:00,0.0,0.0,0.0,0.0,0.1656,0.0,0.0,0.336522,0.0,0.0,0.0,0.0,0.090001,0.0,0.0,0.414764,0.0,0.0,0.566,0.0,0.0,0.0,0.0,0.0,0.018254,0.009671,0.0,0.0,0.0,0.0,0.0,0.0,0.0,0.0,0.0,0.0,0.0,0.0,0.0,0.058325,0.0,0.0,0.0,0.0,0.25,0.0,0.0,0.0,0.0,0.0,0.0
2014-10-31 00:00:00-02:00,0.0,0.399462,0.0,0.0,0.0,0.0,0.0,0.0,0.0,0.0,0.0,0.0,0.0,0.0,0.0,0.0,0.0,0.0,0.0,0.0,0.0,0.0,0.0,0.059352,0.0,0.0,0.0,0.0,0.08045,0.0,0.0,0.0,0.0,0.0,0.0,0.0,0.30995,0.0,0.0,0.0,0.0,0.0,0.0,0.0,0.2089,0.0,0.0,0.0,0.0,0.99087,0.0
2014-11-30 00:00:00-02:00,0.0,0.0,0.0,0.034938,0.1669,0.0,0.716152,0.055718,0.0,0.0,0.56593,0.561552,0.0,0.132885,0.146197,0.0,0.0,0.236798,0.739176,0.0,0.316756,0.047619,0.04,0.0,0.0,0.0,0.0,0.0,0.0,0.098269,0.0,0.0,0.0,0.0,0.0,0.0,0.0,0.0,0.0,0.0,0.0,0.0,0.0,0.0,0.25535,0.255536,0.0,0.0,0.0,0.0,0.0
2014-12-31 00:00:00-02:00,0.0,0.0,0.0,0.0,0.0,0.0,0.0,0.339949,0.0,0.0,0.118331,0.117417,0.0,0.0,0.0,0.0,0.0,0.0,0.0,0.071049,0.0,0.0,0.0,0.0,0.0,0.032623,0.0,0.0,0.0,0.0,0.0,0.0,1.0124300000000002,0.0,0.0,0.0,0.10515,0.080925,0.0,0.0,0.0,0.571845,0.0,0.0,0.386857,0.0,0.0,0.0,0.0,0.0,0.0
2015-01-31 00:00:00-02:00,0.193389,0.0,0.0,0.0,0.0,0.0,0.0,0.0,0.0,0.0,0.0,0.0,0.0,0.0,0.0,0.0,0.0,0.0,0.0,0.0,0.0,0.0,0.0,0.0,0.0,0.0,0.0,0.0,0.0,0.0,0.0,0.0,0.0,0.0,0.0,0.0,0.0,0.0,0.0,0.1831,0.202358,0.0,0.0,0.0,0.39703,0.0,0.0,0.0,0.0,0.0,0.0
2015-02-28 00:00:00-03:00,0.0,0.0,0.0,0.0,0.0,0.785018,0.0,0.0912,0.0,0.0,0.0,0.0,0.0,0.0,0.0,0.0,0.0,0.0,0.0,0.0,0.0,0.0,0.0,0.0,0.0,0.126828,0.0,0.0,0.0,0.0,0.0,0.0,0.0,0.0,0.0,0.0,0.0,0.0,0.0,0.0,0.0,0.0,0.0,0.0,1.582175,0.0,0.0,0.0,0.0,0.0,0.0
2015-03-31 00:00:00-03:00,0.0,0.0,0.0,0.0,0.188255,0.0,0.0,0.376992,0.0,0.0,0.0,0.0,0.006738,0.0,0.0,0.0,0.0,0.0,0.0,0.0,0.0,0.066667,0.07,0.0,0.077077,0.009693,0.0,0.0,0.0,0.22272,0.0,0.0,0.0,0.0,0.0,0.0,0.318117,0.0,0.01771,0.039789,0.202633,0.0,0.0,0.0,0.0,0.0,0.0,0.0,0.0,0.0,0.0
2015-04-30 00:00:00-03:00,0.0,0.998656,0.0,0.034388,0.0,0.0,0.338975,0.0,0.0,0.0,0.0,0.0,0.0,0.084351,0.092803,0.0,0.0,0.181801,0.0,0.0075,0.0,0.0,0.0,0.18054199999999998,0.0,0.0,0.0,0.0,0.226933,0.0,0.0,0.0,0.13424,0.0,0.0,0.0,0.0,0.039256,0.0,0.0,0.0,0.7395,0.0,0.0,0.015526,0.0,0.06473,0.176696,0.032668,0.601761,0.0
2015-05-31 00:00:00-03:00,0.0,0.0,0.0,0.04137,0.029382,0.0,0.0,0.451138,0.0,0.0,0.291874,0.289619,0.01263,0.0,0.0,0.0,0.0,0.0,0.210902,0.0,0.0,0.057143,0.02,0.0,0.0,0.0,0.16738,0.0,0.0,0.0,0.0,0.0,0.0,0.0,0.0,0.0,0.0,0.0,0.0,0.0,0.0,0.0,0.0,0.0,0.170179,0.219597,0.0,0.0,0.0,0.0,0.0
2015-06-30 00:00:00-03:00,0.0,0.0,0.0,0.0,0.206384,0.0,0.0,0.289894,0.0,0.0,0.0,0.0,0.0,0.0,0.0,0.0,0.0,0.0,0.0,0.0,0.020589,0.0,0.0,0.0,0.0,0.010663,0.0,0.0,0.0,0.0,0.0,0.0,0.0,0.0,0.0,0.0,0.0,0.0,0.0,0.0,0.0,0.0,0.0,0.0,0.0,0.0,0.0,0.0,0.0,0.0,0.0
2015-07-31 00:00:00-03:00,0.237145,0.0,0.0,0.0,0.0,0.0,0.0,0.0,0.0,0.0,0.0,0.0,0.0,0.0,0.0,0.0,0.0,0.270648,0.0,0.0,0.0,0.0,0.0,0.04866,0.0,0.0,0.0,0.0,0.0,0.18668,0.0,0.0,0.0,0.0,0.0,0.0,0.0,0.0,0.0,0.0,0.0,0.0,0.0,0.0,0.0,0.0,0.0,0.0,0.0,0.0,0.0
2015-08-31 00:00:00-03:00,0.0,0.0,0.0,0.047583,0.0,0.883769,0.0,0.141039,0.0,0.0,0.0,0.0,0.002908,0.0,0.0,0.0,0.0,0.0,0.381501,0.562726,0.030754,0.047619,0.02,0.0,0.022635,0.061487,0.0,0.0,0.0,0.0,0.0,0.0,0.197099,0.0,0.0,0.0,0.0,0.0,0.0,0.0,0.0,0.0,0.0,0.0,0.122735,0.0,0.0,0.0,0.0,0.0,0.0
2015-09-30 00:00:00-03:00,0.0,0.0,0.0,0.0,0.228695,0.0,0.0,0.266078,0.0,0.0,0.0,0.0,0.0,0.0,0.0,0.0,0.0,0.0,0.0,0.0,0.0,0.0,0.0,0.0,0.0,0.010663,0.0,0.0,0.0,0.0,0.0,0.0,0.0,0.0,0.0,0.0,0.0,0.0,0.0,0.810204,0.0,0.899979,0.0,0.075829,0.131621,0.0,0.0,0.0,0.0,0.0,0.032809
2015-10-31 00:00:00-02:00,0.0,0.0,0.0,0.0,0.0,0.0,0.0,0.0,1.3977,0.0,0.0,0.0,0.0,0.0,0.0,0.0,0.0,0.0,0.0,0.0,0.0,0.0,0.0,0.059601,0.0,0.0,0.0,0.0,0.0,0.114626,0.0,0.0,0.0,0.0,0.0,0.0,0.395106,0.0,0.0,0.0,0.0,0.0,0.0,0.0,0.081638,0.0,0.0,0.0,0.0,0.37361,0.0
2015-11-30 00:00:00-02:00,0.0,0.0,0.0,0.058852,0.0,0.0,0.361699,0.170805,0.0,0.0,0.0,0.0,0.006863,0.0,0.0,0.0,0.0,0.0,0.384838,0.0,0.0,0.038095,0.0,0.0,0.007484,0.0,0.0,0.0,0.0,0.0,0.0,0.0,0.0,0.0,0.0,0.0,0.0,0.0,0.0,0.0,0.0,0.0,0.0,0.0,0.048872,0.347065,0.0,0.0,0.0,0.0,0.198296
2015-12-31 00:00:00-02:00,0.0,0.0,0.0,0.084171,0.248005,0.0,0.0,0.274491,0.0,0.0,0.0,0.0,0.0,0.0,0.0,0.0,0.0,0.0,0.0,0.347896,0.0,0.0,0.0,0.0,0.0,0.09660300000000001,0.0,0.0,0.0,0.0,0.0,0.0,1.011194,0.0,0.0,0.0,0.158618,0.0,0.0,0.0,0.0,0.320006,0.0,0.0,0.13051,0.0,0.0,0.0,0.0,0.0,0.0
2016-01-31 00:00:00-02:00,0.343615,0.0,0.0,0.0,0.0,0.0,0.0,0.0,0.0,0.0,0.102897,0.102101,0.0,0.0,0.0,0.0,0.0,0.0,0.0,0.0,0.0,0.0,0.0,0.0,0.0,0.0,0.0,0.0,0.0,0.0,0.0,0.0,0.0,0.0,0.0,0.0,0.0,0.0,0.0,0.798293,0.0,0.0,0.0,0.0,0.168233,0.0,0.0,0.0,0.0,0.0,0.0
2016-02-29 00:00:00-03:00,0.0,0.0,0.0,0.0,0.0,0.837775,0.0,0.0,0.0,0.0,0.0,0.0,0.0,0.0,0.0,0.0,0.0,0.0,0.0,0.0,0.0,0.0,0.0,0.0,0.0,0.12923,0.0,0.0,0.0,0.13107,0.0,0.0,0.0,0.0,0.0,0.0,0.0,0.0,0.0,0.0,0.0,0.0,0.0,0.0,0.0,0.0,0.0,0.0,0.0,0.0,0.0
2016-03-31 00:00:00-03:00,0.0,0.0,0.0,0.0,0.186328,0.0,0.0,0.188853,0.0,0.0,0.0,0.0,0.0,0.0,0.0,0.0,0.0,0.0,0.0,0.0,0.0,0.0,0.0,0.0,0.0,0.010663,0.0,0.0,0.0,0.0,0.0,0.0,0.0,0.0,0.0,0.0,0.07,0.0,0.016023,0.0,0.0,0.0,0.0,0.0,0.111072,0.0,0.0,0.0,0.0,0.0,0.0
2016-04-30 00:00:00-03:00,0.0,0.699059,0.0,0.0,0.0,0.0,0.0,0.0,0.0,0.0,0.0,0.0,0.0,0.113716,0.125473,0.0,0.0,0.0,0.0,0.0,0.067663,0.0,0.0,0.1229,0.0,0.0,0.0,0.0,0.017033,0.0,0.0,0.0,0.383171,0.0,0.0,0.0,0.0,0.0,0.0,0.0,0.0,0.936602,0.0,0.0,0.9020320000000001,0.0,0.06503,0.0,0.0,0.0,0.191627
2016-05-31 00:00:00-03:00,0.0,0.0,0.0,0.031658,0.0,0.0,0.0,0.133683,0.0,0.0,0.223269,0.221544,0.067927,0.0,0.0,0.206869,0.0,0.0,0.256762,0.0,0.0,0.0,0.0,0.089996,0.0,0.0,0.405459,0.0,0.0,0.111861,0.0,0.0,0.0,0.0,0.0,0.0,0.0,0.0,0.0,0.0,0.0,0.643118,0.0,0.0,0.12218,0.0,0.0,0.226649,0.0,0.0,0.0
2016-06-30 00:00:00-03:00,0.0,0.0,0.0,0.0,0.187843,0.0,0.0,0.137755,0.0,0.0,0.0,0.0,0.0,0.0,0.0,0.0,0.0,0.0,0.0,0.0,0.0,0.0,0.0,0.0,0.0,0.011729,0.0,0.0,0.0,0.0,0.0,0.0,0.0,0.0,0.0,0.0,0.0,0.0,0.0,0.0,0.0,0.0,0.0,0.0,0.0,0.166949,0.0,0.0,0.0,0.0,0.209207
2016-07-31 00:00:00-03:00,0.513379,0.0,0.0,0.0,0.0,0.0,0.0,0.0,0.0,0.0,0.0,0.0,0.0,0.0,0.0,0.0,0.0,0.273405,0.0,0.0,0.0,0.0,0.0,0.0,0.0,0.0,0.0,0.0,0.0,0.0,0.0,0.0,0.0,0.0,0.0,0.0,0.0,0.0,0.0,0.133201,0.0,0.0,0.0,0.0,0.089413,0.0,0.0,0.0,0.0,0.0,0.0
2016-08-31 00:00:00-03:00,0.0,0.0,0.0,0.040206,0.0,0.8361,0.0,0.139965,0.0,0.0,0.0,0.0,0.074909,0.0,0.0,0.0,0.0,0.0,0.790752,0.0,0.100623,0.028571,0.0,0.05044,0.0,0.061772,0.0,0.0,0.0,0.117915,0.0,0.0,0.24128,0.0,0.0,0.0,0.0,0.0,0.0,0.0,0.0,0.576305,0.0,0.0,0.0,0.0,0.0,0.0,0.0,0.0,0.0
2016-09-30 00:00:00-03:00,0.0,0.0,0.0,0.0,0.190873,0.0,0.0,0.126652,0.0,0.0,0.0,0.0,0.0,0.0,0.0,0.0,0.0,0.0,0.0,0.0,0.0,0.0,0.0,0.0,0.0,0.011729,0.0,0.0,0.0,0.0,0.0,0.0,0.0,0.0,0.0,0.0,0.0,0.0,0.0,0.0,0.0,0.0,0.0,0.0,0.0,0.0,0.0,0.0,0.0,0.0,0.244522
2016-10-31 00:00:00-02:00,0.0,0.0,0.0,0.0,0.0,0.0,0.0,0.0,0.182998,0.0,0.0,0.0,0.0,0.0,0.0,0.0,0.0,0.0,0.0,0.0,0.0,0.0,0.0,0.084345,0.0,0.0,0.0,0.0,0.0,0.0,0.0,0.0,0.0,0.0,0.0,0.0,0.543223,0.0,0.0,0.0,0.0,0.0,0.0,0.0,0.360985,0.0,0.0,0.0,0.0,0.0,0.0
2016-11-30 00:00:00-02:00,0.0,0.0,0.0,0.027363,0.0,0.0,0.0,0.109871,0.401082,0.0,0.0,0.0,0.079877,0.0,0.0,0.0,0.0,0.0,0.530071,0.0,0.0,0.019048,0.0,0.0,0.0,0.0,0.0,0.0,0.0,0.127764,0.0,0.0,0.0,0.0,0.0,0.0,0.0,0.0,0.0,0.0,0.0,0.548025,0.0,0.0,0.0,0.0,0.0,0.0,0.0,0.0,0.0
2016-12-31 00:00:00-02:00,0.0,0.0,0.0,0.06863,0.041567,0.0,0.098276,0.076932,0.0,0.0,0.195503,0.193992,0.0,0.0,0.0,0.0,0.0,0.0,0.0,0.796904,1.043812,0.0,0.0,0.0,0.0,0.227538,0.0,0.0,0.0,0.0,0.0,0.0,0.0,0.0,0.0,0.0,0.050032,0.0,0.0,0.0,0.0,0.0,0.0,0.0,0.0,0.208687,0.0,0.0,0.0,0.166294,0.230218
2017-01-31 00:00:00-02:00,0.516623,0.0,0.0,0.0,0.0,0.0,0.0,0.0,0.0,0.0,0.0,0.0,0.0,0.0,0.0,0.217877,0.0,0.0,0.0,0.0,0.0,0.0,0.0,0.0,0.0,0.0,0.0,0.0,0.0,0.0,0.0,0.0,0.0,0.0,0.0,0.0,0.0,0.0,0.0,1.2658399999999999,0.0,0.0,0.0,0.0,0.335519,0.0,0.0,0.0,0.0,0.0,0.0
2017-02-28 00:00:00-03:00,0.0,0.0,0.0,0.0,0.0,0.853031,0.0,0.0,0.0,0.0,0.0,0.0,0.0,0.0,0.0,0.0,0.0,0.0,0.0,0.0,0.0,0.0,0.0,0.0,0.0,0.131206,0.0,0.0,0.0,0.142125,0.0,0.0,0.0,0.0,0.0,0.0,0.0,0.0,0.0,0.0,0.0,0.0,0.0,0.0,0.0,0.0,0.0,0.0,0.0,0.0,0.0
2017-03-31 00:00:00-03:00,0.0,0.0,0.0,0.0,0.198206,0.0,0.0,0.098022,0.0,0.0,0.0,0.0,0.18046,0.0,0.0,0.0,0.0,0.0,0.0,0.0,0.224138,0.0,0.0,0.0,0.024748,0.011806,0.0,0.0,0.0,0.0,0.0,0.0,0.0,0.0,0.0,0.0,0.0,0.0,0.0,0.0,0.0,0.0,0.0,0.0,0.099965,0.0,0.0,0.0,0.0,0.0,0.0
2017-04-30 00:00:00-03:00,0.0,0.492774,0.0,0.0,0.0,0.0,0.41835,0.0,0.0,0.0,0.0,0.0,0.0,0.0,0.0,0.0,0.0,0.0,0.0,0.0,0.0,0.0,0.0,0.020611,0.0,0.0,0.0,0.0,0.0,0.054663,0.0,0.0,0.0,0.259896,0.0,0.0,0.0,0.0,0.0,0.0,0.0,0.0,0.0,0.0,1.2573320000000001,0.0,0.065032,0.0,0.0,0.905572,0.22328
2017-05-31 00:00:00-03:00,0.0,0.0,0.0,0.022958,0.240595,0.0,0.0,0.182939,0.0,0.0,0.078836,0.078227,0.0,0.176466,0.194342,0.0,0.0,0.0,0.50206,0.026082,0.0,0.0,0.0,0.109826,0.0,0.0,0.032978,0.0,0.0,0.063325,0.0,0.0,0.0,0.0,0.0,0.0,0.0,0.0,0.0,0.133094,0.0,1.024317,0.0,0.121327,0.0,0.0,0.0,0.256582,0.0,0.0,0.209207
2017-06-30 00:00:00-03:00,0.0,0.0,0.0,0.0,0.0,0.0,0.0,0.078574,0.0,0.0,0.0,0.0,0.098271,0.0,0.0,0.0,0.0,0.0,0.0,0.0,0.0,0.0,0.0,0.0,0.0,0.011806,0.0,0.0,0.0,0.0,0.0,0.0,0.0,0.0,0.0,0.0,0.0,0.0,0.0,0.0,0.0,0.0,0.0,0.0,0.0,0.204892,0.0,0.0,0.0,0.0,0.0
2017-07-31 00:00:00-03:00,0.540274,0.0,0.0,0.0,0.0,0.0,0.0,0.0,0.0,0.0,0.0,0.0,0.0,0.0,0.0,0.0,0.0,0.0,0.0,0.297957,0.0,0.0,0.0,0.0,0.0,0.0,0.0,0.0,0.0,0.0,0.0,0.0,0.0,0.0,0.0,0.0,0.376763,0.043817,0.0,0.0,0.0,0.0,0.0,0.0,0.052759,0.0,0.0,3.317842,0.0,0.0,0.0
2017-08-31 00:00:00-03:00,0.0,0.0,0.0,0.013341,0.20304,0.791638,0.0,0.204303,0.0,0.0,0.0,0.0,0.0,0.0,0.0,0.0,0.0,0.0,1.150736,0.0,0.185391,0.019048,0.0,0.061614,0.0,0.06218,0.0,0.0,0.0,0.129926,0.0,0.0,0.397255,0.0,0.0,0.0,0.0,0.0,0.0,0.133409,0.0,0.202866,0.0,0.223696,0.0,0.0,0.0,0.027079,0.0,0.0,0.0
2017-09-30 00:00:00-03:00,0.0,0.0,0.0,0.0,0.0,0.0,0.0,0.076292,0.0,0.0,0.0,0.0,0.102711,0.0,0.0,0.0,0.0,0.0,0.0,0.276545,0.0,0.0,0.0,0.0,0.0,0.011806,0.0,0.0,0.0,0.0,0.0,0.0,0.0,0.0,0.0,0.0,0.0,0.0,0.0,0.0,0.0,0.0,0.0,0.0,0.0,0.0,0.0,0.0,0.0,0.0,0.275955
2017-10-31 00:00:00-02:00,0.0,0.0,0.0,0.0,0.0,0.0,0.0,0.0,0.241108,0.0,0.0,0.0,0.0,0.0,0.0,0.0,0.0,0.0,0.0,0.0,0.0,0.0,0.0,0.0,0.0,0.0,0.0,0.0,0.0,0.0,0.0,0.0,0.0,0.0,0.0,0.0,0.374552,0.0,0.0,0.133543,0.0,0.0,0.0,0.0,0.169385,0.0,0.0,0.0,0.0,0.0,0.0
2017-11-30 00:00:00-02:00,0.0,0.0,0.0,0.027486,0.073342,0.0,0.0,0.223237,0.0,0.0,0.0,0.0,0.316471,0.0,0.0,0.0,0.0,0.0,0.520266,0.0,0.0,0.028571,0.02,0.081452,0.0,0.0,0.0,0.0,0.0,0.163772,0.0,0.0,0.17237,0.0,0.0,0.0,0.0,0.0,0.0,0.0,0.0,0.268338,0.0,0.057959,0.0,0.554575,0.0,0.0,0.0,0.0,0.0
2017-12-31 00:00:00-02:00,0.0,0.0,0.0,0.087127,0.0,0.0,0.846122,0.082597,0.0,0.0,0.0,0.0,0.0,0.0,0.0,0.0,0.0,0.0,0.0,0.273601,0.0,0.0,0.0,0.0,0.0,0.14408500000000002,0.0,0.0,0.0,0.0,0.0,0.0,0.0,0.0,0.0,0.0,0.0,0.0,0.056671,0.0,0.0,0.270292,0.0,0.0,0.825622,0.0,0.0,0.0,0.0,0.419912,0.0
2018-01-31 00:00:00-02:00,0.52385,0.0,0.0,0.0,0.303487,0.0,0.0,0.0,0.0,0.0,0.0,0.0,0.0,0.092624,0.101887,0.0,0.0,0.0,0.0,0.245446,0.130028,0.0,0.0,0.0,0.0,0.0,0.0,0.0,0.0,0.0,0.0,0.0,0.11592,0.0,0.0,0.0,0.0,0.0,0.0,1.283382,0.0,0.0,0.0,0.0,0.0,0.0,0.0,0.0,0.0,0.0,0.0
2018-02-28 00:00:00-03:00,0.0,0.201923,0.0,0.0,0.206614,0.957634,0.0,0.0,0.0,0.0,0.0,0.0,0.121505,0.0,0.0,0.0,0.0,0.0,0.0,0.0,0.0,0.0,0.0,0.0,0.0,0.526761,0.0,0.0,0.0,0.162667,0.0,0.0,0.0,0.0,0.0,0.0,0.0,0.0,0.0,0.0,0.0,0.0,0.0,0.0,0.0,0.0,0.0,0.0,0.0,0.0,0.0
2018-03-31 00:00:00-03:00,0.0,0.0,0.0,0.0,0.0,0.0,0.0,0.32738,0.0,0.0,0.0,0.0,0.202348,0.0,0.0,0.0,0.0,0.0,0.0,0.0,0.641346,0.028571,0.0,0.0,0.0,0.011806,0.0,0.0,0.0,0.0,0.0,0.0,0.0,0.0,0.0,0.0,0.0,0.0,0.044132,0.0,0.0,0.0,0.0,0.0,0.0,0.0,0.0,0.0,0.0,0.488511,0.0
2018-04-30 00:00:00-03:00,0.0,0.317308,0.0,0.032643,0.0,0.0,1.137672,0.0,0.0,0.0,0.0,0.0,0.0,0.0,0.0,0.275259,0.0,0.0,0.780407,0.0,0.0,0.0,0.0,0.0,0.0,0.0,0.0,0.0,0.0,0.0,0.0,0.0,0.0,0.0,0.0,0.0,0.042571,0.0,0.304604,0.160293,0.0,0.0,0.0,0.58928,0.911828,0.128541,0.167673,0.833215,0.047531,0.0,0.511715
2018-05-31 00:00:00-03:00,0.0,0.0,0.0,0.0,0.265287,0.0,0.0,0.213954,0.0,0.0,0.020259,0.331519,0.738433,0.0,0.0,0.0,0.0,0.0,0.0,0.0,0.0,0.07619,0.04,0.12233,0.0,0.0,0.046776,0.0,0.0,0.144397,0.0,0.0,1.119443,0.0,0.05,0.05,0.773292,0.045999,0.0,0.0,0.0,1.199336,0.0,0.0,0.0,0.0,0.0,0.0,0.0,0.0,0.0
2018-06-30 00:00:00-03:00,0.0,0.0,0.0,0.073716,0.0,0.0,0.0,0.077203,0.0,0.0,0.0,0.0,0.135509,0.008177,0.008996,0.0,0.0,0.0,0.0,0.29429,0.0,0.0,0.0,0.0,0.0,0.011806,0.0,0.0,0.0,0.0,0.0,0.0,0.0,0.0,0.0,0.0,0.353747,0.0,0.0,0.0,0.0,0.0,0.0,0.0,0.0,1.153932,0.0,0.0,0.0,0.0,0.0
2018-07-31 00:00:00-03:00,0.531727,0.0,0.0,0.0,0.0,0.0,0.0,0.0,0.0,0.0,0.0,0.0,0.0,0.0,0.0,0.0,0.0,0.0,0.0,0.0,0.0,0.0,0.0,0.0,0.0,0.0,0.0,0.0,0.0,0.0,0.0,0.0,0.0,0.0,0.0,0.0,0.0,0.0,0.0,0.16064,0.0,0.0,0.0,0.0,0.222144,0.0,0.0,0.0,0.0,0.0,0.0
2018-08-31 00:00:00-03:00,0.0,0.0,0.0,0.0,0.215905,0.788043,0.0,0.269662,0.0,0.0,0.0,0.0,0.0,0.0,0.0,0.0,0.0,0.0,1.404581,0.0,0.180768,0.133333,0.07,0.037418,0.0,0.180779,0.0,0.0,0.0,0.168147,0.0,0.0,0.0,0.0,0.05,0.05,0.0,0.055995,0.0,0.0,0.644874,0.477069,0.0,0.319855,0.0,0.0,0.0,0.0,0.0,1.480362,0.0
2018-09-30 00:00:00-03:00,0.0,0.0,0.0,0.058709,0.0,0.0,0.0,0.085491,0.0,0.0,0.0,0.0,0.143841,0.0,0.0,0.0,0.0,0.0,0.0,0.383092,0.0,0.0,0.0,0.0,0.0,0.012987,0.0,0.0,0.0,0.0,0.0,0.0,0.0,0.0,0.0,0.0,0.0,0.0,0.177096,0.0,0.0,0.0,0.0,0.0,1.555013,0.0,0.0,0.0,0.0,0.0,0.0
2018-10-31 00:00:00-03:00,0.0,0.0,0.0,0.0,0.171097,0.0,0.0,0.0,0.762051,0.0,0.0,0.0,0.0,0.0,0.0,0.0,0.0,0.612289,0.0,0.0,0.0,0.0,0.0,0.0,0.0,0.0,0.0,0.0,0.0,0.0,0.0,0.0,0.0,0.0,0.0,0.0,0.0,0.0,0.0,0.160646,0.0,0.0,0.0,0.0,0.0,0.0,0.0,0.187839,0.0,0.0,0.0
2018-11-30 00:00:00-02:00,0.0,0.0,0.0,0.0,0.0,0.0,0.0,0.416893,0.0,0.0,0.0,0.0,0.0,0.0,0.0,0.0,0.0,0.0,0.8,0.0,0.0,0.12381,0.09,0.052457,0.0,0.0,0.0,0.0,0.0,0.322996,0.0,0.0,0.558525,0.0,0.1,0.1,1.313011,0.0,0.0,0.0,0.0,0.71157,0.0,0.235878,0.0,0.0,0.0,0.0,0.0,0.0,0.0
2018-12-31 00:00:00-02:00,0.0,0.173077,0.0,0.068975,0.183316,1.352301,0.0,0.12567,0.0,0.0,0.095432,0.095432,0.0,0.097515,0.10727,0.0,0.0,0.0,0.486562,0.495017,0.0,0.0,0.0,0.0,0.0,0.024329000000000003,0.0,0.0,0.0,0.237496,0.0,0.0,0.0,0.0,0.051183,0.716563,0.0,0.0,0.0,0.0,0.0,0.399275,0.0,0.0,0.749738,1.859207,0.0,0.0,0.0,0.0,0.0
2019-01-31 00:00:00-02:00,0.534616,0.0,0.0,0.0,0.0,0.0,0.570212,0.0,0.0,0.0,0.0,0.0,0.0,0.0,0.0,0.0,0.0,0.0,0.0,0.0,0.125708,0.0,0.0,0.0,0.0,0.0,0.0,0.0,0.0,0.0,0.0,0.0,0.113361,0.0,0.0,0.0,0.0,0.0,0.0,1.285952,0.0,0.0,0.0,0.0,0.0,0.0,0.0,0.0,0.079187,0.0,0.0
2019-02-28 00:00:00-03:00,0.0,0.0,0.0,0.0,0.0,0.683892,0.0,0.591888,0.0,0.0,0.0,0.0,0.0,0.0,0.0,0.0,0.0,0.0,0.0,0.0,0.0,0.0,0.0,0.0,0.0,0.392381,0.0,0.0,0.0,0.018999,0.0,0.0,0.0,0.0,0.0,0.0,0.0,0.0,0.0,0.0,0.0,0.0,0.0,0.0,0.0,0.0,0.0,0.0,0.0,0.0,0.0
2019-03-31 00:00:00-03:00,0.0,0.0,0.0,0.064317,0.31219,0.0,0.0,0.156124,0.0,0.0,0.0,0.0,0.382981,0.0,0.0,0.0,0.0,0.38,0.0,0.0,0.680651,0.095238,0.05,0.0,0.0,0.017316,0.0,0.0,0.0,0.0,0.0,0.0,0.0,0.0,0.0,0.0,0.0,0.0,0.0,0.0,0.0,0.0,0.0,0.0,0.388753,0.0,0.0,0.0,0.0,0.0,0.0
2019-04-30 00:00:00-03:00,0.0,0.432692,0.0,0.0,0.0,0.0,0.0,0.0,0.0,0.0,0.0,0.0,0.0,0.034435,0.037881,0.0,0.0,0.0,0.0,0.0,0.0,0.0,0.0,0.15899,0.022794,0.0,0.0,0.116414,0.016403,0.0,0.0,0.0,0.0,0.0,0.0,0.019494,0.384843,0.0,0.33294,0.267929,0.65091,0.0,0.0,0.858556,1.371012,0.0,0.136876,0.236076,0.068897,0.0,1.111435
2019-05-31 00:00:00-03:00,0.0,0.0,0.0,0.0,0.318584,0.0,0.526711,0.414838,0.0,0.0,0.298724,0.298724,0.0,0.0,0.0,0.480182,0.0,0.0,0.094006,0.242678,0.0,0.066667,0.04,0.040753,0.0,0.0,0.002245,0.0,0.0,0.190694,0.0,0.0,1.498171,0.0,0.1,0.1,0.0,0.087988,0.0,0.0,0.65091,0.44678599999999996,0.0,0.0,0.316556,0.0,0.0,0.0,0.0,0.0,0.0
2019-06-30 00:00:00-03:00,0.0,0.0,0.0,0.06349,0.07829,0.0,0.0,0.171054,0.0,0.0,0.0,0.0,0.055285,0.0,0.0,0.0,0.0,0.0,0.0,0.326228,0.0,0.0,0.0,0.0,0.0,0.017316,0.0,0.0,0.0,0.0,0.0,0.0,0.0,0.0,0.0,0.0,0.357284,0.0,0.0,0.0,0.0,0.0,0.0,0.0,0.0,0.0,0.0,0.0,0.0,0.0,0.0
2019-07-31 00:00:00-03:00,0.554453,0.0,0.0,0.034401,0.0,0.0,0.0,0.0,0.0,0.0,0.0,0.0,0.0,0.0,0.0,0.0,0.0,0.0,0.0,0.0,0.198295,0.0,0.0,0.0,0.0,0.0,0.0,0.0,0.0,0.0,0.0,0.0,0.0,0.0,0.0,0.0,0.0,0.10183,0.0,0.268043,0.0,0.0,0.0,0.0,0.53759,0.0,0.0,0.0,0.011323,0.0,0.0
2019-08-31 00:00:00-03:00,0.0,0.0,0.0,0.0,0.273814,0.898819,0.0,0.446155,0.0,0.0,0.0,0.0,0.0,0.0,0.0,0.0,0.0,0.0,0.0,0.0,0.0,0.066667,0.04,0.017048,0.0,0.294805,0.0,0.0,0.0,0.182155,0.0,0.0,0.0,0.0,0.2,0.2,0.0,0.0,0.0,0.0,0.0,0.722007,0.0,0.0,0.0,0.562186,0.0,0.0,0.0,0.0,0.0
2019-09-30 00:00:00-03:00,0.0,0.0,0.0,0.10587,0.0,0.0,0.0,0.232955,0.0,0.0,0.0,0.0,0.137479,0.0,0.0,0.0,0.0,0.0,0.0,0.282469,0.0,0.0,0.0,0.0,0.0,0.017316,0.0,0.0,0.0,0.0,0.0,0.0,0.0,0.0,0.0,0.0,0.0,0.0,0.283353,0.0,0.299003,0.0,0.0,0.448418,0.0,0.0,0.0,0.0,0.0,0.0,0.0
2019-10-31 00:00:00-03:00,0.0,0.0,0.0,0.0,0.0,0.0,0.0,0.0,0.92933,0.0,0.0,0.0,0.0,0.0,0.0,0.0,0.0,0.5,0.0,0.0,0.0,0.0,0.0,0.0,0.0,0.0,0.0,0.0,0.0,0.0,0.0,0.0,0.0,0.0,0.0,0.0,0.318543,0.0,0.0,0.268088,0.0,0.0,0.0,0.0,0.0,0.0,0.0,0.0,0.0,0.0,0.0
2019-11-30 00:00:00-03:00,0.0,0.0,0.0,0.0,0.260983,0.0,0.0,0.365042,0.0,0.0,0.0,0.0,0.0,0.0,0.0,0.0,0.0,0.0,0.0,0.0,0.0,0.038095,0.02,0.104,0.0,0.0,0.0,0.0,0.0,0.278926,0.0,0.0,0.545565,0.0,0.200925,0.200925,0.0,0.0,0.0,0.0,0.0,0.541491,0.0,0.693016,0.0,0.784661,0.0,0.0,0.0,0.0,0.0
2019-12-31 00:00:00-03:00,0.0,0.0,0.0,0.0,0.0,0.0,0.707641,0.176174,0.0,0.0,0.181775,0.181775,0.0,0.224235,0.246692,0.0,0.0,0.0,1.528812,0.497452,0.0,0.0,0.0,0.0,0.0,0.022468000000000002,0.0,0.083152,0.025337,0.189746,0.0,0.0,0.0,0.0,0.0,0.421942,0.0,0.16911,0.177096,0.0,0.0,0.180416,0.0,0.0,0.0,0.163679,0.0,0.0,0.0,1.414364,0.0
2020-01-31 00:00:00-03:00,0.487007,0.0,0.0,0.117948,0.0,1.352298,0.0,0.0,0.0,0.0,0.0,0.0,0.0,0.0,0.0,0.0,0.0,0.0,0.0,0.0,0.11137,0.0,0.0,0.0,0.0,0.0,0.0,0.0,0.0,0.0,0.0,0.0,0.092913,0.0,0.0,0.0,0.0,0.0,0.0,2.091569,0.0,0.0,0.0,0.0,0.749738,0.0,0.0,0.0,0.0,0.0,0.0
2020-02-29 00:00:00-03:00,0.0,0.0,0.0,0.0,0.0,1.910841,0.0,0.438882,0.0,0.0,0.0,0.0,0.0,0.0,0.0,0.0,0.0,0.0,0.0,0.0,0.618126,0.0,0.0,0.0,0.0,0.195671,0.0,0.0,0.0,0.02182,0.0,0.0,0.0,0.0,0.0,0.0,0.0,0.0,0.0,0.0,0.0,0.0,0.0,0.0,0.0,0.0,0.0,0.0,0.0,0.0,0.0
2020-03-31 00:00:00-03:00,0.0,0.0,0.0,0.106022,0.246878,0.0,0.0,0.18142,0.0,0.0,0.0,0.0,0.34277,0.0,0.0,0.0,0.0,0.0,0.0,0.0,0.0,0.028571,0.02,0.0,0.0,0.017316,0.0,0.0,0.0,0.0,0.0,0.0,0.0,0.0,0.0,0.0,0.0,0.0,0.354191,0.0,0.0,0.0,0.0,0.0,0.149947,0.0,0.0,0.0,0.0,0.0,0.668806
2020-04-30 00:00:00-03:00,0.0,0.663462,0.0,0.0,0.0,0.0,0.0,0.0,0.0,0.0,0.0,0.0,0.0,0.0,0.0,0.0,0.0,0.0,1.164004,0.0,0.0,0.0,0.0,0.1439,0.010797,0.0,0.540595,0.0,0.040467,0.0,0.0,0.0,0.0,0.0,0.467298,0.000898,0.491982,0.0,0.0,0.0,0.0,0.0,0.0,0.0,1.302642,0.228164,0.214342,0.39399,0.04345,0.0,0.0
2020-05-31 00:00:00-03:00,0.0,0.0,0.0,0.0,0.0,0.0,0.0,0.0,0.0,0.0,0.0,0.0,0.0,0.0,0.0,1.800973,0.0,0.0,0.0,0.0,0.0,0.0,0.0,0.143812,0.0,0.0,0.0,0.0,0.0,0.0,0.0,0.0,0.0,0.0,0.0,0.0,0.0,0.0,0.0,0.238797,0.008871,0.880981,0.0,0.0,0.944115,0.0,0.0,0.0,0.0,0.0,0.0
2020-06-30 00:00:00-03:00,0.0,0.0,0.0,0.0,0.18016,0.0,0.0,0.0,0.0,0.0,0.0,0.0,0.115765,0.0,0.0,0.0,0.0,0.0,0.0,0.0,0.0,0.0,0.0,0.0,0.0,0.017316,0.0,0.0,0.0,0.0,0.0,0.0,0.0,0.0,0.0,0.0,0.298399,0.0,0.070838,0.0,0.0,0.0,0.0,0.0,0.0,0.0,0.0,0.0,0.0,0.0,0.0
2020-07-31 00:00:00-03:00,0.0,0.0,0.0,0.048932,0.0,0.0,0.0,0.0,0.0,0.0,0.0,0.0,0.0,0.0,0.0,1.800973,0.0,0.0,0.0,0.0,0.0,0.0,0.0,0.0,0.0,0.0,0.0,0.0,0.0,0.0,0.0,0.0,0.0,0.0,0.239895,0.000461,0.0,0.0,0.0,0.0,0.0,0.0,0.0,0.0,0.499825,0.151772,0.0,0.0,0.0,0.0,0.0
2020-08-31 00:00:00-03:00,0.157723,0.0,0.0,0.0,0.0,0.875255,0.0,0.441988,0.0,0.0,0.172304,0.172304,0.0,0.0,0.0,0.0,0.0,0.0,0.830573,0.0,0.0,0.0,0.0,0.0,0.034969,0.017316,0.0,0.078771,0.0,0.0,0.0,0.0,0.0,0.0,0.0,0.0,0.0,0.09159,0.0,0.206596,0.0,0.81076,0.0,0.0,0.0,0.0,0.0,0.0,0.0,0.0,0.0
2020-09-30 00:00:00-03:00,0.0,0.0,0.0,0.265538,0.0,0.0,0.0,0.102862,0.0,0.0,0.054532,0.054532,0.166474,0.0,0.0,0.0,0.0,0.0,0.0,0.166092,0.0,0.0,0.0,0.0,0.0,0.017316,0.0,0.0,0.0,0.0,0.0,0.0,0.0,0.0,0.0,0.0,0.0,0.0,0.566706,0.0,0.0,0.0,0.0,0.0,0.360985,0.0,0.0,0.0,0.0,2.40751,0.0
2020-10-31 00:00:00-03:00,0.0,0.0,0.0,0.0,0.0,0.0,0.0,0.0,0.709664,0.0,0.0,0.0,0.0,0.0,0.0,0.0,0.0,0.81,0.0,0.0,0.0,0.0,0.0,0.0,0.0,0.0,0.0,0.067137,0.050674,0.0,0.0,0.0,0.0,0.0,0.0,0.0,0.0,0.0,0.0,0.0,0.0,0.0,0.0,0.0,0.0,0.0,0.0,0.0,0.0,0.0,0.0
2020-11-30 00:00:00-03:00,0.0,0.0,0.0,0.0,0.0,0.0,1.773703,0.194773,0.0,0.0,0.0,0.0,2.162553,0.0,0.0,0.0,0.0,0.0,0.0,0.0,0.0,0.114286,0.07,0.023872,0.0231,0.0,0.0,0.0,0.0,0.0,0.0,0.0,0.0,0.257832,0.0,0.0,0.27981,0.0,0.0,0.268303,0.0,1.361941,0.0,0.340186,0.236902,0.522095,0.0,0.715881,0.0,0.0,0.0
2020-12-31 00:00:00-03:00,0.0,0.0,0.0,0.0,0.15159699999999998,0.0,0.0,0.116984,0.0,0.0,0.0,0.0,0.0,0.281832,0.310016,0.0,0.0,0.0,0.67956,0.762228,0.0,0.161905,0.09,0.0,0.0,0.105325,0.0,0.0,0.0,0.0,0.0,0.0,0.0,0.0,0.0,0.0,0.0,0.15034,0.826446,0.0,0.0,0.157381,0.0,0.0,0.864839,0.837549,0.0,0.0,0.0,0.0,0.0
2021-01-31 00:00:00-03:00,0.338164,0.0,0.0,0.1858,0.078244,0.0,0.0,0.0,0.0,0.0,0.196992,0.196992,0.0,0.0,0.0,0.0,0.0,0.0,0.0,0.0,0.232408,0.0,0.0,0.0,0.0,0.018009,0.0,0.0,0.0,0.0,0.0,0.0,0.550402,0.042734,0.0,0.0,0.0,0.0,0.0,0.178421,0.0,0.0,0.0,0.0,0.0,0.0,0.0,0.0,0.0,0.0,0.0
2021-02-28 00:00:00-03:00,0.0,0.0,0.0,0.0,0.0,0.476121,0.0,0.435863,0.0,0.0,0.0,0.0,0.0,0.0,0.0,0.0,0.0,0.0,0.0,0.0,0.0,0.0,0.0,0.0,0.0,0.0,0.0,0.0,0.0,0.0,0.0,0.0,0.0,0.0,0.0,0.0,0.0,0.0,0.0,0.137393,0.0,0.0,0.0,0.0,0.0,0.806156,0.0,0.0,0.0,0.0,0.0
2021-03-31 00:00:00-03:00,0.0,0.0,0.0,0.233403,0.22752,0.0,0.0,0.145714,0.0,0.0,0.0,0.0,0.37022900000000003,0.0,0.0,0.0,0.0,0.0,0.0,0.0,0.489486,0.12381,0.08,0.0,0.040738,0.047217,0.0,0.0,0.10285,0.0,0.0,0.0,0.0,0.0,0.0,0.0,0.0,0.0,0.123967,0.0,0.0,0.0,0.0,0.0,0.088895,0.795967,0.0,0.0,0.0,4.261646,0.0
2021-04-30 00:00:00-03:00,0.213,0.807692,0.0,0.0,0.0,0.0,2.404353,0.0,0.0,0.0,0.0,0.0,0.0,0.16217199999999998,0.6582910000000001,0.0,0.0,0.0,0.018649,0.0,0.0,0.0,0.0,0.508542,0.096624,0.01845,1.016679,0.421173,0.0,0.0,0.10349,0.20389,0.378624,0.729812,0.792834,0.792834,0.821622,0.365561,0.0,0.0,0.0,0.0,0.0,0.190196,1.1019160000000001,0.0,0.241134,0.958267,0.131916,0.0,0.608872
2021-05-31 00:00:00-03:00,0.0,0.0,0.0,0.0,0.055952,0.0,0.0,0.414445,0.0,0.0,0.422017,0.422017,0.0,0.0,0.0,1.501834,0.051581,0.69,0.747117,0.0,0.0,0.380952,0.21,0.090861,0.050658,0.015931,0.0,0.0,0.0,0.0,0.0,0.0,0.0,0.0,0.0,0.0,0.0,0.0,0.0,0.804259,0.652949,2.9855549999999997,0.0,0.0,0.166113,0.0,0.0,0.0,0.005046,0.0,0.0
2021-06-30 00:00:00-03:00,0.0,0.0,0.0,0.214651,0.242267,0.0,0.0,0.168519,0.0,0.0,0.0,0.0,0.145507,0.0,0.0,0.0,0.0,0.0,0.0,0.212122,0.0,0.0,0.0,0.0,0.0,0.017316,0.0,0.0,0.118,0.0,0.0,0.0,0.0,0.0,0.0,0.0,0.0,0.0,0.099174,0.0,0.0,0.0,0.0,0.0,0.0,0.0,0.0,2.486516,0.0,2.18967,0.0
2021-07-31 00:00:00-03:00,0.219,0.0,0.0,0.0,0.0,0.0,1.576625,0.0,0.0,0.0,0.0,0.0,0.0,0.0,0.0,0.0,0.0,0.0,0.0,0.0,0.0,0.0,0.0,0.0,0.0,0.0,0.0,0.0,0.0,0.0,0.0,0.0,0.0,0.0,0.0,0.0,0.345755,0.13316,0.0,0.0,0.0,0.0,0.0,0.0,0.3739,0.502542,0.0,0.0,0.0,0.0,0.0
2021-08-31 00:00:00-03:00,0.0,0.0,0.0,0.0,0.0,0.520874,0.0,0.348288,0.0,0.0,0.0,0.0,0.0,0.0,0.0,0.0,0.330526,0.0,0.967632,0.0,0.13254,0.514286,0.28,0.037357,0.064642,0.032329,1.001341,0.0,0.0,0.0,0.0,0.0,0.0,0.0,1.609911,1.609911,0.0,0.0,0.0,0.911494,1.26801,0.0,0.0,0.336028,0.0,0.0,0.0,0.278489,0.0,0.0,0.0
2021-09-30 00:00:00-03:00,0.0,0.0,0.0,0.0,0.257014,0.0,0.0,0.184739,0.0,0.0,0.0,0.0,0.428983,0.0,0.0,1.501832,0.0,0.0,0.0,0.38002,0.0,0.361905,0.2,0.0,0.0,0.017316,0.0,0.0,0.0,0.0,0.0,1.400311,0.0,0.0,0.0,0.0,0.0,0.0,0.297521,0.0,0.0,0.0,0.0,0.0,0.0,0.0,0.0,0.0,1.095799,8.197239,0.0
2021-10-31 00:00:00-03:00,0.232,0.0,0.0,0.0,0.0,0.0,0.0,0.0,2.621181,0.0,0.0,0.0,0.0,0.494573,0.544031,0.0,0.0,0.0,0.0,0.0,0.0,0.0,0.0,0.0,0.0,0.0,0.0,0.183471,1.530186,0.0,0.576393,0.0,0.0,0.0,0.0,0.0,0.0,0.0,0.0,0.0,0.0,0.0,0.0,0.0,0.357288,0.0,0.0,0.0,0.0,0.0,0.0
2021-11-30 00:00:00-03:00,0.0,0.0,0.0,0.0,0.0,0.0,0.0,0.393703,0.0,0.244612,0.0,0.0,0.0,0.0,0.0,0.0,0.0,0.0,0.0,0.0,0.0,1.542857,1.55,0.149262,0.10133,0.133957,1.0,0.0,0.0,0.365972,0.0,0.0,0.0,0.348843,0.0,0.0,0.277301,0.0,0.0,0.804259,0.0,0.0,0.0,0.259612,0.0,1.310301,0.0,2.98382,0.0,0.0,0.0
2021-12-31 00:00:00-03:00,0.0,0.0,0.0,0.149451,0.171114,0.0,6.04385,0.174991,0.0,0.0,0.434116,0.434116,0.0,0.0,0.0,0.697762,0.086308,0.0,0.073535,0.247133,0.093858,0.0,0.0,0.079441,0.0,0.040742,0.0,0.0,0.0,0.0,0.0,1.250217,0.0,0.0,3.250487,3.250487,0.0,0.15405,0.121405,0.0,0.0,1.518146,0.0,0.0,1.374528,0.173896,0.0,4.475729,0.192953,0.0,0.0
2022-01-31 00:00:00-03:00,0.252,0.0,0.0,0.049777,0.0,0.0,0.0,0.0,0.0,0.0,0.0,0.0,0.0,0.097485,0.107233,0.0,0.0,0.0,0.0,0.066424,0.0,0.0,0.0,0.0,0.0,0.121218,0.0,0.0,0.0,0.0,0.0,0.0,0.544959,0.0,0.0,0.0,0.0,0.0,0.0,0.066752,0.191508,0.0,0.0,0.0,0.0,0.0,0.0,0.0,0.0,0.0,0.0
2022-02-28 00:00:00-03:00,0.0,0.0,0.0,0.0,0.0,0.930048,0.0,0.0,0.0,0.0,0.0,0.0,0.0,0.0,0.0,0.0,0.0,0.0,0.782752,0.0,0.0,0.0,0.0,0.0,0.0,0.0,0.0,0.0,0.0,0.343214,0.0,0.0,0.0,0.0,0.0,0.0,0.0,0.0,0.082645,0.804233,0.0,0.0,0.0,0.0,0.0,0.0,0.0,0.0,0.0,0.0,0.0
2022-03-31 00:00:00-03:00,0.0,0.0,0.0,0.181475,0.333893,0.0,0.0,1.035349,0.0,0.0,0.570889,0.570889,0.089328,0.0,0.0,0.0,0.0,0.0,0.0,0.0,0.702811,0.190476,0.1,0.0,0.063469,0.103064,0.0,0.160656,0.325233,0.0,0.0,0.0,0.0,0.0,0.0,0.0,0.0,0.0,0.140496,0.0,0.0,0.0,0.0,0.0,0.107395,0.0,0.0,0.0,0.0,3.719256,0.0
2022-04-30 00:00:00-03:00,0.313,1.182692,0.0,0.0,0.0,0.0,0.0,0.0,2.016293,0.29579,0.0,0.0,0.0,0.0,0.0,0.0,0.0,0.0,0.0,1.05309,0.0,0.0,0.0,0.0,0.284556,0.0,0.0,0.0,0.0,0.0,0.208622,0.58012,3.151996,0.34233,2.970249,2.970249,0.41033,0.356978,0.0,0.456205,0.0,0.0,1.624365,0.338776,1.361293,0.0,0.219644,2.735168,0.629128,0.0,0.587949
2022-05-31 00:00:00-03:00,0.0,0.0,0.086049,0.0,0.036603,0.0,1.576656,0.155347,0.0,0.0,1.194836,0.597418,0.0,0.47117,0.518295,3.242281,0.459438,0.0,0.673831,0.0,0.0,0.542857,0.29,0.173935,0.099605,0.0,1.0,0.0,0.0,0.314417,0.087917,0.0,0.0,0.0,3.71549,3.71549,0.0,0.0,0.0,0.0,0.681594,1.896324,0.0,0.0,0.089622,0.0,0.0,0.0,0.0,0.0,0.0
2022-06-30 00:00:00-03:00,0.0,0.0,0.0,0.130776,0.37647,0.0,0.0,0.250285,0.0,0.0,0.160416,0.160416,0.140134,0.0,0.0,0.0,0.0,0.0,0.0,0.322964,0.0,0.0,0.0,0.0,0.0,0.02139,0.0,0.0,0.0,0.0,0.0,0.0,0.0,0.0,0.0,0.0,0.0,0.0,0.165289,0.0,0.0,0.0,0.0,0.0,0.0,0.0,0.0,0.0,0.0,0.0,0.0
2022-07-31 00:00:00-03:00,0.352,0.0,0.0,0.0,0.0,0.0,0.0,0.0,0.0,0.0,0.0,0.0,0.0,0.0,0.0,0.0,0.0,0.47,0.0,0.0,0.0,0.0,0.0,0.0,0.0,0.0,0.0,0.0,0.0,0.0,0.0,0.0,0.0,0.0,0.0,0.0,0.0,0.2137,0.0,0.0,0.0,0.0,0.0,0.0,0.287313,0.0,0.0,1.246036,0.0,0.0,0.0
2022-08-31 00:00:00-03:00,0.0,0.0,0.0,0.0,0.0,1.036045,0.0,0.204622,0.0,0.0,0.0,0.0,0.0,0.0,0.0,0.0,0.0,0.0,0.708254,0.0,0.0,0.67619,0.36,0.028441,0.095684,0.054273,0.0,0.0,0.184804,0.362586,0.307008,0.757965,0.0,0.21922,6.732003,6.732003,0.623304,0.0,0.0,0.45727,0.0,1.470929,0.0,0.372917,0.0,0.0,0.0,4.984142,0.0,3.572057,0.0
2022-09-30 00:00:00-03:00,0.0,0.0,0.0,0.082875,0.110012,0.0,0.0,0.273736,0.0,0.0,0.21428,0.21428,0.15487,0.0,0.0,0.0,0.0,0.0,0.0,0.568758,0.0,0.0,0.0,0.0,0.0,0.02139,0.0,0.0,0.0,0.0,0.0,0.0,0.0,0.0,0.0,0.0,0.0,0.0,0.17438,0.0,0.0,0.0,0.0,0.0,0.17975,0.0,0.0,0.0,0.0,0.0,0.0
2022-10-31 00:00:00-03:00,0.362,0.0,0.0,0.0,0.0,0.0,0.0,0.0,3.238673,0.0,0.0,0.0,0.0,0.0,0.0,0.0,0.0,0.0,0.0,0.0,0.0,0.0,0.0,0.0,0.0,0.0,0.0,0.0,0.0,0.0,0.0,0.0,0.0,0.0,0.0,0.0,0.0,0.0,0.0,0.457242,0.0,0.0,0.0,0.0,0.0,0.0,0.0,0.0,0.0,0.0,0.0
2022-11-30 00:00:00-03:00,0.0,0.0,0.0,0.0,0.0,0.0,1.524102,0.170206,0.0,0.35278,0.0,0.0,0.0,0.33393,0.367323,0.0,0.445689,0.0,0.579481,0.0,0.0,2.047619,0.5,0.103215,0.096031,0.05154,1.0,0.0,0.391814,0.456192,0.0,0.0,0.0,0.0,3.3489,3.3489,0.087771,0.0,0.0,0.0,1.17949,0.131087,0.0,0.41,0.0,0.0,0.0,4.988663,0.0,0.0,0.0
2022-12-31 00:00:00-03:00,0.0,0.0,0.0,0.024203,0.024443,0.0,0.170804,0.345525,0.0,0.0,0.415411,0.415411,0.0,0.0,0.0,0.0,0.015993,0.7,0.24512,1.511696,0.294479,0.0,0.0,0.0,0.0,0.20903,0.0,0.048048,0.0,0.032715,0.0,0.909518,0.0,0.0,0.0,0.0,0.0,0.28932,0.190909,0.0,0.527866,0.0,0.0,0.0,0.0,1.062404,0.0,0.0,0.0,0.292013,0.0
2023-01-31 00:00:00-03:00,0.37,0.0,0.0,0.063981,0.0,0.0,0.0,0.0,0.0,0.0,0.0,0.0,0.0,0.0,0.0,0.0,0.0,0.0,0.0,0.0,0.0,0.0,0.0,0.0,0.0,0.0,0.0,0.047941,0.0,0.0,0.0,0.0,0.835035,0.0,0.0,0.0,0.0,0.0,0.0,0.457629,0.0,1.335273,0.0,0.0,1.030924,0.0,0.0,0.0,0.0,0.0,0.0
2023-02-28 00:00:00-03:00,0.0,0.0,0.0,0.036728,0.0,1.878577,0.0,0.826881,0.0,0.0,0.0,0.0,0.0,0.0,0.0,0.0,0.0,0.0,0.0,0.0,0.0,0.0,0.0,0.0,0.0,0.0,0.0,0.047941,0.0,0.313521,0.0,0.0,0.0,0.0,0.0,0.0,0.0,0.0,0.128611,0.0,0.0,0.0,0.0,0.0,0.0,0.0,0.0,0.0,0.0,0.0,0.0
2023-03-31 00:00:00-03:00,0.0,0.0,0.0,0.06023,0.366771,0.0,0.0,0.352037,0.0,0.0,0.192784,0.192784,0.994132,0.0,0.0,0.0,0.0,0.0,0.0,0.0,0.0,0.190476,0.1,0.0,0.087216,0.10082999999999999,0.0,0.047941,0.434861,0.0,0.179088,0.0,0.0,0.0,0.0,0.0,0.0,0.0,0.209091,0.0,0.0,0.0,0.0,0.0,0.063772,0.0,0.0,0.0,0.0,1.827646,0.0
2023-04-30 00:00:00-03:00,0.0,1.44,0.0,0.0,0.0,0.0,1.235048,0.0,0.0,0.510369,0.11307,0.11307,0.0,0.0,0.0,0.0,0.0,0.0,0.0,0.0,0.0,0.0,0.0,0.0,0.38589,0.0,0.0,0.047941,0.0,0.0,0.0,0.0,1.902688,0.356628,2.870493,2.870493,0.0,0.0,0.0,0.403261,0.0,0.0,0.0,0.6,0.672064,0.0,0.20591700000000002,0.825582,0.328767,0.0,0.0
2023-05-31 00:00:00-03:00,0.0,0.12,1.5,0.0,0.03626,0.0,0.0,0.0,0.0,0.0,0.0,0.0,0.0,0.0,0.0,2.102229,0.44871300000000003,0.0,1.783441,0.0,0.0,0.51,0.3,1.1886539999999999,0.084363,0.0,0.0,0.047941,0.0,0.352697,0.03112,0.0,0.0,0.0,0.0,0.0,0.0,0.0,0.0,0.0,0.631067,0.075612,1.29562,0.0,0.0,0.0,0.0,0.0,0.0,0.0,0.445192
2023-06-30 00:00:00-03:00,0.0,0.0,0.0,0.115354,0.342607,0.0,0.0,0.993051,0.0,0.0,0.193907,0.193907,0.338917,0.0,0.0,0.0,0.0,0.0,0.0,0.88266,0.0,0.0,0.0,0.0,0.0,0.13793,1.0,0.047941,0.0,0.0,0.0,0.0,0.0,0.0,1.893576,1.893576,0.589409,0.0,0.21,0.0,0.0,0.0,0.0,0.0,0.192782,0.0,0.0,0.0,0.0,0.0,0.0
2023-07-31 00:00:00-03:00,0.836,0.0,0.0,0.0,0.0,0.0,0.0,0.0,0.0,0.0,0.0,0.0,0.0,0.0,0.0,0.0,0.0,0.0,0.0,0.0,0.0,0.0,0.0,0.0,0.0,0.051283,0.0,0.044253,0.0,0.0,0.0,0.0,0.0,0.0,0.0,0.0,0.0,0.2224,0.0,0.403346,0.0,0.0,0.0,0.0,0.0,0.0,0.0,0.0,0.0,0.0,0.0
2023-08-31 00:00:00-03:00,0.0,0.12,0.0,0.0,0.0,1.607637,0.0,0.668883,0.0,0.0,0.0,0.0,0.0,0.0,0.0,0.783358,0.0,0.0,0.940279,0.0,0.0,0.43,0.26,0.018995,0.229058,0.02353,0.0,0.044253,0.311156,0.24378,0.084018,0.0,0.0,0.194274,1.149304,1.149304,0.0,0.0,0.0,0.0,0.0,0.909844,0.1,0.57,0.244259,0.0,0.0,0.0,0.0,1.918472,0.0
2023-09-30 00:00:00-03:00,0.0,0.0,0.0,0.10571,0.171625,0.0,0.0,0.334197,0.0,0.0,0.189943,0.189943,0.33607,0.0,0.0,0.0,0.0,0.0,0.0,0.507075,0.169221,0.0,0.0,0.0,0.0,0.1165,0.0,0.044253,0.0,0.0,0.0,0.0,0.0,0.0,0.0,0.0,0.29169,0.0,0.2014,0.0,0.0,0.0,0.0,0.0,0.280702,0.0,0.0,0.0,0.0,0.0,0.0
2023-10-31 00:00:00-03:00,0.0,0.0,0.0,0.0,0.0,0.0,0.0,0.0,3.212353,0.5,0.0,0.0,0.0,0.304025,0.334427,0.0,0.0,0.0,0.0,0.0,0.0,0.0,0.0,0.0,0.0,0.0515,0.0,0.0,0.0,0.289123,0.0,0.0,0.0,0.0,0.0,0.0,0.0,0.0,0.0,0.403366,0.0,0.0,0.0,0.0,0.090575,0.0,0.0,0.0,0.0,0.0,0.0
2023-11-30 00:00:00-03:00,0.0,0.0,0.0,0.0,0.0,0.0,0.0,0.0,0.0,0.0,0.0,0.0,0.0,0.0,0.0,0.0,0.0,0.0,0.0,0.0,0.0,0.0,0.0,0.0,0.066808,0.0,0.0,0.0,0.0,0.0,0.0,0.0,6.190993,0.0,0.0,0.0,0.0,0.0,0.0,0.0,0.0,0.593779,0.0,0.54,0.0,0.0,0.0,0.0,0.0,0.0,0.0
